entity_text,entity_label,frequency
first,NUMERIC,64
one,NUMERIC,45
two,NUMERIC,37
four,NUMERIC,33
2026,NUMERIC,32
uk,LOCATION,28
today,NUMERIC,26
2025,NUMERIC,26
democrats,NATIONALITY,26
2024,NUMERIC,25
second,NUMERIC,25
three,NUMERIC,22
palestinian,NATIONALITY,22
australia,LOCATION,22
ted,PLAYER,22
india,LOCATION,21
five,NUMERIC,19
third,NUMERIC,18
england,LOCATION,18
wednesday,NUMERIC,18
japan,LOCATION,17
martin,PLAYER,16
world cup,COMPETITION,16
barghouti,PLAYER,16
thursday,NUMERIC,15
fai,CLUB,14
china,LOCATION,14
american,NATIONALITY,13
newcastle,CLUB,13
henry,PLAYER,13
indiana,LOCATION,13
espn,CLUB,12
friday,NUMERIC,12
u.s.,LOCATION,12
tuesday,NUMERIC,12
schmidt,PLAYER,12
fourth,NUMERIC,11
uefa,LOCATION,11
portage,LOCATION,11
dnc,CLUB,11
last year,NUMERIC,10
orlando,LOCATION,10
washington,LOCATION,10
morocco,LOCATION,10
larry price,PLAYER,10
fifa,CLUB,10
dhs,CLUB,10
joanna,PLAYER,10
kern,PLAYER,10
january,NUMERIC,9
six,NUMERIC,9
ohio state,CLUB,9
10,NUMERIC,9
price,PLAYER,9
canada,LOCATION,9
saudi arabia,LOCATION,9
smith,PLAYER,9
republicans,NATIONALITY,9
house,CLUB,9
lebanon,LOCATION,9
bonta,PLAYER,9
this year,NUMERIC,8
year,NUMERIC,8
ffa,CLUB,8
13,NUMERIC,8
21,NUMERIC,8
hurley,PLAYER,8
larry,PLAYER,8
the world cup,COMPETITION,8
indonesia,LOCATION,8
vietnam,LOCATION,8
olympics,COMPETITION,8
wales,LOCATION,8
myanmar,LOCATION,8
kate,PLAYER,8
byd,CLUB,8
perth,LOCATION,8
rupert,PLAYER,8
mls,CLUB,7
chicago,LOCATION,7
saturday,NUMERIC,7
this week,NUMERIC,7
english,NATIONALITY,7
half,NUMERIC,7
26,NUMERIC,7
2022,NUMERIC,7
2023,NUMERIC,7
eight,NUMERIC,7
morning,NUMERIC,7
20,NUMERIC,7
herdman,PLAYER,7
manchester united,CLUB,7
nigeria,LOCATION,7
united,CLUB,7
chinese,NATIONALITY,7
johnston,PLAYER,7
charlestown,LOCATION,7
italy,LOCATION,7
tanzania,LOCATION,7
cardi,PLAYER,7
palestinians,NATIONALITY,7
brazil,LOCATION,6
october,NUMERIC,6
club,CLUB,6
barrois,PLAYER,6
labour,CLUB,6
premier league,COMPETITION,6
the summer,NUMERIC,6
super falcons,CLUB,6
seven,NUMERIC,6
the united states,LOCATION,6
senegal,LOCATION,6
uzbekistan,LOCATION,6
nsc,CLUB,6
day ago,NUMERIC,6
the white house,CLUB,6
kansas city,LOCATION,6
oranje,CLUB,6
thailand,LOCATION,6
taipei,LOCATION,6
daily,NUMERIC,6
russia,LOCATION,6
croydon,LOCATION,6
prince william,PLAYER,6
weekly,NUMERIC,6
arlington heights,LOCATION,6
illinois,LOCATION,6
ted lasso,PLAYER,6
rebecca,PLAYER,6
simon,PLAYER,6
february 11,NUMERIC,6
olympic,LOCATION,6
svahn,CLUB,6
israeli,NATIONALITY,6
israelis,NATIONALITY,6
netanyahu,PLAYER,6
valle,LOCATION,5
orlando city,LOCATION,5
the kansas city current,CLUB,5
celtic,CLUB,5
wafcon,CLUB,5
"february 12, 2026",NUMERIC,5
50,NUMERIC,5
16,NUMERIC,5
11,NUMERIC,5
matta,PLAYER,5
keir starmer,PLAYER,5
guardian,CLUB,5
arsenal,CLUB,5
manchester city,CLUB,5
leicester,CLUB,5
november,NUMERIC,5
sunday,NUMERIC,5
ireland,LOCATION,5
irish,NATIONALITY,5
years,NUMERIC,5
thune,PLAYER,5
minneapolis,LOCATION,5
lfa,CLUB,5
philippines,LOCATION,5
dpr korea,CLUB,5
london,LOCATION,5
new york,LOCATION,5
castle hill academy,CLUB,5
new addington,LOCATION,5
milligan,PLAYER,5
richmond,LOCATION,5
yiwu,LOCATION,5
wu,PLAYER,5
15,NUMERIC,4
luana,PLAYER,4
lions,CLUB,4
last season,NUMERIC,4
anderson,PLAYER,4
2027,NUMERIC,4
night,NUMERIC,4
this season,NUMERIC,4
the season,NUMERIC,4
spain,LOCATION,4
croatia,LOCATION,4
valentine,PLAYER,4
14,NUMERIC,4
dar es salaam,LOCATION,4
reese,PLAYER,4
12,NUMERIC,4
25,NUMERIC,4
300,NUMERIC,4
georgia,LOCATION,4
hawaii,LOCATION,4
perry,PLAYER,4
french,NATIONALITY,4
40,NUMERIC,4
singapore,LOCATION,4
2016,NUMERIC,4
qatar,LOCATION,4
westminster,LOCATION,4
fa cup,COMPETITION,4
the premier league,COMPETITION,4
thomas tuchel,PLAYER,4
the nations league,COMPETITION,4
liverpool,CLUB,4
2028,NUMERIC,4
tuchel,PLAYER,4
northern ireland,LOCATION,4
afternoon,NUMERIC,4
the women‚Äôs super league,CLUB,4
nine,NUMERIC,4
nnadozie,CLUB,4
ivory coast,LOCATION,4
group c,CLUB,4
tuchel,CLUB,4
nfhs,CLUB,4
jv,CLUB,4
fanvue,PLAYER,4
leicester city,LOCATION,4
instagram,CLUB,4
americans,NATIONALITY,4
riverside,LOCATION,4
the afc u17 women's asian cup,CLUB,4
dpr korea,LOCATION,4
tokyo,LOCATION,4
trinity,CLUB,4
florida,LOCATION,4
partey,PLAYER,4
32,NUMERIC,4
charlotte,PLAYER,4
kim,PLAYER,4
8pm,NUMERIC,4
7pm,NUMERIC,4
mayo,CLUB,4
breitzke,PLAYER,4
the super bowl,COMPETITION,4
british,NATIONALITY,4
democratic,NATIONALITY,4
d.c.,LOCATION,4
gujarat,LOCATION,4
south africa,LOCATION,4
stefon,PLAYER,4
olympians,NATIONALITY,4
xinhua,CLUB,4
the west bank,LOCATION,4
nitysh mercado,PLAYER,3
pineda,PLAYER,3
the almond festival,COMPETITION,3
camargo,PLAYER,3
apple tv,CLUB,3
chelsea,CLUB,3
the czech republic,LOCATION,3
hailie mace,PLAYER,3
ninth,NUMERIC,3
jeffrey epstein,PLAYER,3
celtic plc,CLUB,3
the champions league,COMPETITION,3
4th,NUMERIC,3
october 2025,NUMERIC,3
january 2026,NUMERIC,3
the six months ended 31 december 2025,NUMERIC,3
the previous year,NUMERIC,3
martin,CLUB,3
caf,CLUB,3
africa,LOCATION,3
south africa‚Äôs,LOCATION,3
buckeyes,LOCATION,3
downs,CLUB,3
big board,CLUB,3
ohio state,LOCATION,3
thad matta,PLAYER,3
dan hurley,PLAYER,3
butler,PLAYER,3
2021,NUMERIC,3
three years,NUMERIC,3
the day,NUMERIC,3
this summer,NUMERIC,3
60,NUMERIC,3
portugal,LOCATION,3
german,NATIONALITY,3
the hyundai cup,COMPETITION,3
afc,CLUB,3
new zealand,LOCATION,3
fifa world cup,COMPETITION,3
us,LOCATION,3
wes streeting,PLAYER,3
whatsapp,CLUB,3
2010,NUMERIC,3
yesterday,NUMERIC,3
brentford,CLUB,3
north america,LOCATION,3
evening,NUMERIC,3
scotland,LOCATION,3
hungary,LOCATION,3
2014,NUMERIC,3
michelle alozie,PLAYER,3
ashleigh plumptre,PLAYER,3
the super falcons,CLUB,3
later this month,NUMERIC,3
ghana,LOCATION,3
malawi,LOCATION,3
ochei,PLAYER,3
nigerian,NATIONALITY,3
commission,CLUB,3
bullingham,PLAYER,3
fam,CLUB,3
uefa,CLUB,3
flambeau,CLUB,3
last month,NUMERIC,3
the department of homeland security,CLUB,3
feb. 12,NUMERIC,3
the save act,MISC,3
the kansas city current,LOCATION,3
netherlands,LOCATION,3
new delhi,LOCATION,3
21 years,NUMERIC,3
the republic of korea,LOCATION,3
suzhou,LOCATION,3
hong kong,LOCATION,3
beijing,LOCATION,3
this afternoon,NUMERIC,3
korea republic,LOCATION,3
ioc,CLUB,3
2025-2026,NUMERIC,3
sydney,LOCATION,3
10th,NUMERIC,3
saudi,NATIONALITY,3
2017,NUMERIC,3
terminal hall,LOCATION,3
monday,NUMERIC,3
the charlestown arts centre,CLUB,3
walsh‚Äôs public house,CLUB,3
the yeats county inn,LOCATION,3
curry,PLAYER,3
"saturday, february 14",NUMERIC,3
wexford,LOCATION,3
hammond,LOCATION,3
iowa,LOCATION,3
maletta,CLUB,3
chicagoland,LOCATION,3
2020,NUMERIC,3
games,CLUB,3
virginia,LOCATION,3
palestine,LOCATION,3
italian,NATIONALITY,3
ahmedabad,LOCATION,3
afghanistan,LOCATION,3
britain,LOCATION,3
nigel farage,PLAYER,3
juma,PLAYER,3
dropkin,PLAYER,3
anna,PLAYER,3
hoyle,PLAYER,3
nordic,NATIONALITY,3
the olympic sprint,COMPETITION,3
30th,NUMERIC,3
diggins,PLAYER,3
diggins,CLUB,3
feb. 10,NUMERIC,3
the board of peace,CLUB,3
pa,LOCATION,3
arab,NATIONALITY,3
30,NUMERIC,2
el toro meat market,CLUB,2
mariani nut company,CLUB,2
the associated student body,CLUB,2
all four years,NUMERIC,2
puente,LOCATION,2
kamila,PLAYER,2
liz,PLAYER,2
moreno,PLAYER,2
moreno,CLUB,2
four-year,NUMERIC,2
previous years,NUMERIC,2
karlstad,LOCATION,2
karlstad,CLUB,2
paris,LOCATION,2
lion links lion links,CLUB,2
hannah anderson,PLAYER,2
orlando city‚Äôs,LOCATION,2
"70,000",NUMERIC,2
venezuela,LOCATION,2
mexico,LOCATION,2
spanish,NATIONALITY,2
nottingham forest,CLUB,2
dyche,CLUB,2
forest,CLUB,2
the first half,NUMERIC,2
this weekend,NUMERIC,2
nolan miller,PLAYER,2
the second,NUMERIC,2
20-year-old,NUMERIC,2
michigan,LOCATION,2
recent years,NUMERIC,2
mace,PLAYER,2
seb,PLAYER,2
nwsl,COMPETITION,2
"100,000",NUMERIC,2
16th,NUMERIC,2
ghislaine maxwell,PLAYER,2
lionel messi,PLAYER,2
puerto rico,LOCATION,2
march 1,NUMERIC,2
28.9%,MISC,2
the uefa europa league,COMPETITION,2
europa league,COMPETITION,2
february 2026,NUMERIC,2
3rd,NUMERIC,2
59.4,NUMERIC,2
83.5,NUMERIC,2
26.9,NUMERIC,2
14.1,NUMERIC,2
21.5,NUMERIC,2
champions league,COMPETITION,2
spfl,CLUB,2
the scottish cup,COMPETITION,2
europe,LOCATION,2
elena,PLAYER,2
recent months,NUMERIC,2
board,CLUB,2
peter lawwell's,PLAYER,2
celtic football club,CLUB,2
european,NATIONALITY,2
peter,PLAYER,2
half-yearly,NUMERIC,2
group,CLUB,2
2410,NUMERIC,2
the confederation of african football,CLUB,2
patrice motsepe,PLAYER,2
the women‚Äôs world cup,COMPETITION,2
dane brugler,PLAYER,2
54,NUMERIC,2
top-10,NUMERIC,2
brugler,PLAYER,2
caleb downs,PLAYER,2
oregon,LOCATION,2
miami,LOCATION,2
francis mauigoa,PLAYER,2
carnell tate,PLAYER,2
alabama,LOCATION,2
all-american,NATIONALITY,2
april,NUMERIC,2
february 12,NUMERIC,2
499,NUMERIC,2
every night,NUMERIC,2
blangiardi,PLAYER,2
the fifa world cup,COMPETITION,2
l.a.,LOCATION,2
world cups,COMPETITION,2
argentina,LOCATION,2
july,NUMERIC,2
august,NUMERIC,2
cambodia,LOCATION,2
timor-leste,CLUB,2
brunei,LOCATION,2
serie a,COMPETITION,2
june,NUMERIC,2
the asian cup,COMPETITION,2
erick thohir,PLAYER,2
inter milan,CLUB,2
peter mandelson‚Äôs,PLAYER,2
starmer,PLAYER,2
mandelson,PLAYER,2
epstein,PLAYER,2
henry dyer,PLAYER,2
barack obama,PLAYER,2
lords,CLUB,2
ppe,CLUB,2
ai,CLUB,2
jim ratcliffe,PLAYER,2
the etihad stadium,LOCATION,2
the football association,CLUB,2
brussels,LOCATION,2
norway,LOCATION,2
switzerland,LOCATION,2
austria,LOCATION,2
kosovo,LOCATION,2
ratcliffe,PLAYER,2
manchester,LOCATION,2
liam rosenior,PLAYER,2
"february 11, 2026",NUMERIC,2
three weeks ago,NUMERIC,2
the international federation of football history,CLUB,2
statistics women‚Äôs,CLUB,2
africa xi,PLAYER,2
brighton,CLUB,2
west ham united,CLUB,2
brighton women,CLUB,2
the iffhs caf women‚Äôs xi,CLUB,2
paris fc,CLUB,2
brighton & hove albion,CLUB,2
houston dash,CLUB,2
chicago stars fc,CLUB,2
the new season,NUMERIC,2
esther okoronkwo,PLAYER,2
falcons,CLUB,2
west african,NATIONALITY,2
abidjan,LOCATION,2
the west african football union (wafu,CLUB,2
"february 27 to march 7, 2026",NUMERIC,2
10 days,NUMERIC,2
"march 17 to april 3, 2026",NUMERIC,2
zambia,LOCATION,2
egypt,LOCATION,2
nduka odizor,PLAYER,2
diaspora,NATIONALITY,2
training grants,CLUB,2
n200 million,MISC,2
elite and podium board,CLUB,2
football association,CLUB,2
amorim,CLUB,2
carrick,PLAYER,2
the 2026 world cup,COMPETITION,2
fifa u-20 women‚Äôs world cup,COMPETITION,2
thousands,NUMERIC,2
12th,NUMERIC,2
last week,NUMERIC,2
basketball ireland,LOCATION,2
the israel fa,CLUB,2
october 2023,NUMERIC,2
belgium,LOCATION,2
2006,NUMERIC,2
2019,NUMERIC,2
osaa,CLUB,2
sixth,NUMERIC,2
27-year-old,NUMERIC,2
swiss,NATIONALITY,2
aston villa,CLUB,2
lehmann,PLAYER,2
52,NUMERIC,2
john thune,PLAYER,2
tom homan,PLAYER,2
chuck schumer,PLAYER,2
hakeem jeffries,PLAYER,2
obernolte,PLAYER,2
the transportation security administration,CLUB,2
last-minute,NUMERIC,2
wednesday night,NUMERIC,2
wapo,CLUB,2
d-ny,CLUB,2
coast guard,CLUB,2
african,NATIONALITY,2
liberia,LOCATION,2
kuala lumpur,LOCATION,2
malaysia,LOCATION,2
the all india football federation,CLUB,2
kyrgyz republic,LOCATION,2
kuwait,LOCATION,2
iran,LOCATION,2
the afc u17 women's asian cup china 2026,CLUB,2
the suzhou sports centre stadium,CLUB,2
the fifa u17 women's world cup morocco,COMPETITION,2
ani,CLUB,2
singapore star,CLUB,2
jimmy lai,PLAYER,2
78-year-old,NUMERIC,2
20-year,NUMERIC,2
japanese,NATIONALITY,2
sanae takaichi's,PLAYER,2
two-thirds,NUMERIC,2
christie o'sullivan,PLAYER,2
moscow,LOCATION,2
cuba,LOCATION,2
san francisco,LOCATION,2
california,LOCATION,2
mental health week,CLUB,2
anisha,CLUB,2
children's mental health week,MISC,2
hunter,PLAYER,2
signup,NUMERIC,2
women's asian cup,CLUB,2
australia cup,COMPETITION,2
100 percent,MISC,2
9:45pm,NUMERIC,2
novocastrians,NATIONALITY,2
melbourne,LOCATION,2
these days,NUMERIC,2
mark milligan,PLAYER,2
australian,NATIONALITY,2
alm,CLUB,2
macarthur,PLAYER,2
ajibade,CLUB,2
the misk sports centre,CLUB,2
princess charlotte,PLAYER,2
prince george,PLAYER,2
tonight,NUMERIC,2
english,MISC,2
the last night,NUMERIC,2
leuven,PLAYER,2
the uefa women's champions league,COMPETITION,2
ren√©e,PLAYER,2
bruno cannavan,PLAYER,2
4.00pm,PLAYER,2
the arts centre,LOCATION,2
nights,NUMERIC,2
main street,LOCATION,2
mornings,NUMERIC,2
february 10,NUMERIC,2
sophie,PLAYER,2
annual,NUMERIC,2
u12,CLUB,2
that day,NUMERIC,2
gary,PLAYER,2
redevelopment commission,CLUB,2
portage,PLAYER,2
northwest indiana,LOCATION,2
weisbach,PLAYER,2
bonta,LOCATION,2
the south shore line,LOCATION,2
the indiana senate,CLUB,2
the diamond dogs,MISC,2
rebecca welton,PLAYER,2
bex,PLAYER,2
ted lasso',PLAYER,2
roy,PLAYER,2
the winter games,COMPETITION,2
ken martin,PLAYER,2
february,NUMERIC,2
longwell,CLUB,2
new jersey,LOCATION,2
hundreds,NUMERIC,2
2008,NUMERIC,2
the afc u17 asian cup saudi arabia 2026,CLUB,2
the afc u17 asian cup,CLUB,2
the fifa u17 world cup,COMPETITION,2
november 2025,NUMERIC,2
pot 3,NUMERIC,2
tajikistan,LOCATION,2
yemen,LOCATION,2
pot 2,PLAYER,2
united arab emirates,LOCATION,2
a1,MISC,2
8),LOCATION,2
zimbabwe star,CLUB,2
29-13,NUMERIC,2
bad bunny,PLAYER,2
nairobi,LOCATION,2
jackline juma,PLAYER,2
cameroon,LOCATION,2
botswana,LOCATION,2
weeks,NUMERIC,2
jacob rees-mogg,PLAYER,2
five-day,NUMERIC,2
fifa u20 women‚Äôs world cup,COMPETITION,2
kenya,LOCATION,2
poland,LOCATION,2
swedes,NATIONALITY,2
tuesday night,NUMERIC,2
swedish,NATIONALITY,2
olympic,COMPETITION,2
thiesse,LOCATION,2
sports illustrated,CLUB,2
louisville,LOCATION,2
jets,CLUB,2
davis,PLAYER,2
cass,PLAYER,2
thies,LOCATION,2
dakar,LOCATION,2
oslo,LOCATION,2
jessie diggins,PLAYER,2
linn svahn,PLAYER,2
maia dahlqvist,PLAYER,2
val di fiemme,PLAYER,2
julia kern,PLAYER,2
jortberg,PLAYER,2
stanford,CLUB,2
skistad,CLUB,2
sprint,CLUB,2
faehndrich,PLAYER,2
dahlqvist,PLAYER,2
skistad),CLUB,2
fasterskier,PLAYER,2
the fifa women‚Äôs world cup,COMPETITION,2
hangzhou,LOCATION,2
just four months,NUMERIC,2
brazil sun,CLUB,2
meshaal,PLAYER,2
7th,NUMERIC,2
fadwa,LOCATION,2
the esparto and capay valley,CLUB,1
2026 capay valley almond queen,COMPETITION,1
"saturday, feb. 14",NUMERIC,1
the western yolo grange hall,CLUB,1
guinda,LOCATION,1
6 p.m.,NUMERIC,1
the esparto chamber of commerce website,CLUB,1
the almond queen association,CLUB,1
esparto watch,CLUB,1
ages 12,NUMERIC,1
ages 85,NUMERIC,1
dessert,PLAYER,1
road trip bar & grill,CLUB,1
$2000+,NUMERIC,1
harlee,PLAYER,1
$500+,NUMERIC,1
cork & co,CLUB,1
substation solutions,CLUB,1
james,PLAYER,1
deborah durst,PLAYER,1
$250+,NUMERIC,1
dsa bees,CLUB,1
"liz, cork & co",CLUB,1
150,NUMERIC,1
capay valley,LOCATION,1
casara pineda pineda,PLAYER,1
victoria mercado,PLAYER,1
the spanish club,CLUB,1
hispanic,NATIONALITY,1
two years,NUMERIC,1
age 6,NUMERIC,1
eighth,NUMERIC,1
casara,PLAYER,1
pineda,CLUB,1
kaylee wiskur,PLAYER,1
clayton wiskur,PLAYER,1
esparto high school,CLUB,1
the almond festival queen pageant,COMPETITION,1
moreno moreno,PLAYER,1
salvador moreno,PLAYER,1
juan pablo moreno,PLAYER,1
four years,NUMERIC,1
the yolo county fair,CLUB,1
the ffa almond festival pancake breakfast,MISC,1
each year,NUMERIC,1
asb,CLUB,1
the past two years,NUMERIC,1
the outstanding freshman award,CLUB,1
the aa ace award,CLUB,1
kaleidoscope salon,CLUB,1
makenzie karlstad karlstad,CLUB,1
ashley,PLAYER,1
marcus karlstad,PLAYER,1
marcus karlstad jr.,PLAYER,1
the journalism club,CLUB,1
the fccla club,CLUB,1
the yolo county impromptu,LOCATION,1
star,CLUB,1
defensive mvp,PLAYER,1
cork & co.,CLUB,1
valle valle,LOCATION,1
jenny dutton,PLAYER,1
casie valle,PLAYER,1
the elk lodge dinner,CLUB,1
spaghetti feed,CLUB,1
her sophomore year,NUMERIC,1
coachable,MISC,1
butte community college,CLUB,1
chico state,LOCATION,1
esparto,CLUB,1
2025 almond queen,MISC,1
breanna paris,PLAYER,1
"1,000",NUMERIC,1
aileen oregel-chavez,PLAYER,1
250,NUMERIC,1
alexis prado,PLAYER,1
almond queen,COMPETITION,1
prado,CLUB,1
woodland community college,CLUB,1
2/13/26,NUMERIC,1
season,NUMERIC,1
friday the 13th,NUMERIC,1
next weekend,NUMERIC,1
hannah anderson prepares,PLAYER,1
first season,CLUB,1
the chicago stars,CLUB,1
two seasons,NUMERIC,1
24-year-old,NUMERIC,1
pride,MISC,1
chicago cubs,CLUB,1
jack neely,PLAYER,1
emily sams,PLAYER,1
a breakout year,NUMERIC,1
luana returns,PLAYER,1
brazil national team orlando pride,CLUB,1
costa rica,LOCATION,1
a few weeks,NUMERIC,1
arthur elias,PLAYER,1
the national team,CLUB,1
pride,NATIONALITY,1
adriana,PLAYER,1
women‚Äôs world cup,COMPETITION,1
the fourth mls season,NUMERIC,1
everpass media,CLUB,1
just a day,NUMERIC,1
thomas franks,PLAYER,1
tottenham,CLUB,1
sean dyche,PLAYER,1
wolverhampton,CLUB,1
the month,NUMERIC,1
vitor pereira,PLAYER,1
the same season,NUMERIC,1
free kicks,PLAYER,1
maxime crepeau,PLAYER,1
duncan mcguire,PLAYER,1
camping world stadium,LOCATION,1
$400 million,NUMERIC,1
atletico madrid,CLUB,1
barcelona,CLUB,1
feyenoord,CLUB,1
the uefa nations league,COMPETITION,1
a lucky day,NUMERIC,1
2/12/26,NUMERIC,1
rookie season,NUMERIC,1
mane landers,PLAYER,1
abba,CLUB,1
fc,CLUB,1
cincinnati,LOCATION,1
tampa,LOCATION,1
cincy,LOCATION,1
evander,PLAYER,1
just five minutes,NUMERIC,1
martin ojeda,PLAYER,1
tiago,PLAYER,1
colorado rapids,LOCATION,1
nolan miller ready,PLAYER,1
rookie season drafted,COMPETITION,1
21-year-old,NUMERIC,1
earlier this month,NUMERIC,1
miller,PLAYER,1
tomorrow,NUMERIC,1
seb hines,PLAYER,1
the city beautiful,LOCATION,1
marta,PLAYER,1
barbra banda,PLAYER,1
nwsl star midfielders,COMPETITION,1
croix bethune,PLAYER,1
the current in exchange,CLUB,1
"900,000",NUMERIC,1
allocation money,CLUB,1
bethune,PLAYER,1
spirit,CLUB,1
soccer operations,CLUB,1
haley carter,PLAYER,1
claire hutton,PLAYER,1
bay fc,CLUB,1
$1.1 million,NUMERIC,1
the year,NUMERIC,1
22,NUMERIC,1
the current last season,NUMERIC,1
the u.s. virgin islands,LOCATION,1
cbs sports‚Äô,CLUB,1
the upcoming season,NUMERIC,1
inter miami,LOCATION,1
nashville,LOCATION,1
st. louis city,LOCATION,1
the houston dynamo,CLUB,1
the shebelieves cup,COMPETITION,1
abby wambach,PLAYER,1
casey wasserman‚Äôs,PLAYER,1
feb. 26,NUMERIC,1
just a few days,NUMERIC,1
thomas frank,PLAYER,1
a disastrous season,NUMERIC,1
just five,NUMERIC,1
the six months ending december 31,NUMERIC,1
¬£59.4 million,NUMERIC,1
¬£83.5 million,NUMERIC,1
the prior year,NUMERIC,1
¬£4.2 million,NUMERIC,1
¬£26.9 million,NUMERIC,1
¬£13.2 million,NUMERIC,1
¬£43.9 million,NUMERIC,1
¬£67.4 million,NUMERIC,1
¬£65.4 million,NUMERIC,1
the market abuse regulations,MISC,1
eu,CLUB,1
"the ""group",CLUB,1
the six months to 31 december,NUMERIC,1
2025 key operational items,COMPETITION,1
the uefa europa league group stages,COMPETITION,1
4.2,NUMERIC,1
13.2,NUMERIC,1
13.7,NUMERIC,1
67.4,NUMERIC,1
65.4,NUMERIC,1
the six months to 31 december 2025,NUMERIC,1
the 13th,NUMERIC,1
14 seasons,NUMERIC,1
august 2025,NUMERIC,1
brendan rodgers,PLAYER,1
martin o'neill,PLAYER,1
wilfried nancy,PLAYER,1
early december,NUMERIC,1
mid-season,NUMERIC,1
wilfried,PLAYER,1
wilfried,CLUB,1
shaun maloney,PLAYER,1
mark fotheringham,PLAYER,1
the coming summer,NUMERIC,1
early 2026,NUMERIC,1
11.1,NUMERIC,1
the same period last year,NUMERIC,1
nicolas k√ºhn,PLAYER,1
gustaf lagerbielke,PLAYER,1
marco tilio,PLAYER,1
adam idah,PLAYER,1
6.4,NUMERIC,1
juli√°n araujo,PLAYER,1
tom√°≈° ƒçvanƒçara,PLAYER,1
benjamin arthur,PLAYER,1
joel mvuka,PLAYER,1
adamu,PLAYER,1
alex oxlade-chamberlain,PLAYER,1
cameron carter-vickers,PLAYER,1
jota,PLAYER,1
the europa league,COMPETITION,1
21st of 36,NUMERIC,1
vfb,CLUB,1
stuttgart,CLUB,1
grant scott,PLAYER,1
elena sadiku's,PLAYER,1
sweden,LOCATION,1
her two years,NUMERIC,1
swpl,CLUB,1
grant to celtic,CLUB,1
the past 20 years - a period,NUMERIC,1
31 december 2025,NUMERIC,1
the financial year,NUMERIC,1
the current financial year,NUMERIC,1
the second half of the year ending 30 june 2026,NUMERIC,1
the first six months,NUMERIC,1
the year ending 30 june 2026,NUMERIC,1
club,LOCATION,1
brian wilson,PLAYER,1
independent review,CLUB,1
celtic plc conclusion based,CLUB,1
international accounting standard 34,CLUB,1
the london stock exchange aim rules for companies,CLUB,1
consolidated balance sheet,CLUB,1
the international standard on review engagements,CLUB,1
review of interim financial information,CLUB,1
the independent auditor of the entity,CLUB,1
isre,CLUB,1
africa cup of nations,COMPETITION,1
caf executive committee,CLUB,1
17 march to,NUMERIC,1
3 april 2026,NUMERIC,1
motsepe,CLUB,1
motsepe,PLAYER,1
"sport, arts and culture",CLUB,1
gayton mckenzie,PLAYER,1
north african,NATIONALITY,1
mckenzie,PLAYER,1
bruce thornton,PLAYER,1
pic.twitter.com/lj2txlhtfs beat uva,MISC,1
athletic,CLUB,1
100,NUMERIC,1
reese reese,PLAYER,1
micah parsons,PLAYER,1
jalon walker,PLAYER,1
240-pound,MISC,1
4.5-second,NUMERIC,1
40-yard,MISC,1
mcdonald,CLUB,1
igbinosun,PLAYER,1
the past two seasons,NUMERIC,1
downs and styles,CLUB,1
the athletic's football show,CLUB,1
billy tucker,PLAYER,1
dante moore,PLAYER,1
rueben bain jr.,PLAYER,1
arvell reese,PLAYER,1
notre dame,CLUB,1
clemson,PLAYER,1
107,NUMERIC,1
his first year,NUMERIC,1
tuscaloosa,LOCATION,1
nick saban's,PLAYER,1
the big ten defensive player,CLUB,1
the jim thorpe award,CLUB,1
peter woods,PLAYER,1
dt,CLUB,1
clemson tigers no,CLUB,1
arvell reese,CLUB,1
266,NUMERIC,1
30 pounds,MISC,1
columbus,LOCATION,1
butkus,PLAYER,1
242,NUMERIC,1
img academy,CLUB,1
750 yards and eight touchdowns,MISC,1
121,NUMERIC,1
"1,872 yards",MISC,1
14 touchdowns,MISC,1
jaquavious russaw,PLAYER,1
lb,LOCATION,1
36,NUMERIC,1
russaw,CLUB,1
qua russaw,PLAYER,1
uconn,LOCATION,1
huskies,NATIONALITY,1
butler bulldogs,PLAYER,1
80-70,NUMERIC,1
big east,LOCATION,1
tnt,CLUB,1
jared greenberg,PLAYER,1
greenberg,PLAYER,1
thad matta's,PLAYER,1
tnt sports,CLUB,1
the butler hc,CLUB,1
thad,PLAYER,1
butler,CLUB,1
21 seasons,NUMERIC,1
219,NUMERIC,1
78-23,NUMERIC,1
xavier,CLUB,1
337-123,NUMERIC,1
.733,LOCATION,1
84-73,NUMERIC,1
sawyer goldwein,PLAYER,1
pic.twitter.com/ayh3zqsxd0,PLAYER,1
the big east coach,CLUB,1
year one or year two,NUMERIC,1
the g league,CLUB,1
$9 million,NUMERIC,1
the big east,LOCATION,1
two weeks ago,NUMERIC,1
91,NUMERIC,1
roosevelt high school,CLUB,1
1952,NUMERIC,1
army,CLUB,1
eight years,NUMERIC,1
first hawaiian bank,CLUB,1
walter dods,PLAYER,1
princess kaiulani,LOCATION,1
30 or 40 years,NUMERIC,1
millie,COMPETITION,1
1974,NUMERIC,1
roosevelt,LOCATION,1
i‚Äôm larry,MISC,1
ma‚Äôam,CLUB,1
rick blangiardi,PLAYER,1
boston college,CLUB,1
a week later,NUMERIC,1
boston,LOCATION,1
1965,NUMERIC,1
three weeks later,NUMERIC,1
my second year,NUMERIC,1
"about $25,000",NUMERIC,1
"just $15,000",NUMERIC,1
kgmb,PLAYER,1
honolulu,LOCATION,1
larry michael rota,PLAYER,1
the windward community college,CLUB,1
huskies,LOCATION,1
hawaii 10,COMPETITION,1
cec heftel,CLUB,1
kgmb tv,CLUB,1
kssk,CLUB,1
a few years later,NUMERIC,1
1983,NUMERIC,1
heftel,CLUB,1
hal ‚Äúaku‚Äù lewis,PLAYER,1
michael w. perry,PLAYER,1
norm crosby,PLAYER,1
grant otoshi,PLAYER,1
mardi grass,MISC,1
corps,CLUB,1
heather bone,PLAYER,1
heather bown,PLAYER,1
michael ‚Äújor-jan,PLAYER,1
jordan,LOCATION,1
ny yankees,CLUB,1
c.c. ‚Äúsabatina‚Äù,PLAYER,1
sabathia,LOCATION,1
eggo,CLUB,1
nestle,CLUB,1
one morning,NUMERIC,1
3-4,NUMERIC,1
otoshi,PLAYER,1
the preceding day,NUMERIC,1
james wakari,PLAYER,1
legislature,CLUB,1
the state,CLUB,1
britania street,LOCATION,1
jerry takesono,PLAYER,1
many years ago,NUMERIC,1
merrie carol grain-norris,CLUB,1
psa,CLUB,1
more than 30 miles an hour,MISC,1
joyce clarin,PLAYER,1
kauai,LOCATION,1
the past weekend,NUMERIC,1
thirty-three years,NUMERIC,1
the hawaii state archives,CLUB,1
bob sigall,PLAYER,1
the companies we keep,MISC,1
lyndon j. barrois sr.,PLAYER,1
catholic,NATIONALITY,1
61-year-old,NUMERIC,1
new orleans,LOCATION,1
the los angeles county museum of art,CLUB,1
f√∫tbol is life,MISC,1
95-year,NUMERIC,1
lacma,CLUB,1
britt salvesen,PLAYER,1
f√∫tballet,MISC,1
50-inch,MISC,1
kylian mbapp√©,PLAYER,1
marta vieira da silva,PLAYER,1
kobe bryant,PLAYER,1
patrick mahomes,PLAYER,1
darwin hu,PLAYER,1
salvesen,PLAYER,1
times,CLUB,1
1-inch,MISC,1
325,NUMERIC,1
cristiano ronaldo,PLAYER,1
the 1930s,NUMERIC,1
1970,NUMERIC,1
1938,NUMERIC,1
nazis,NATIONALITY,1
iranian,NATIONALITY,1
seven months,NUMERIC,1
sandra jackson-dumont,PLAYER,1
the lucas museum of narrative art,CLUB,1
lyndon,PLAYER,1
jackson,PLAYER,1
dany wilson,PLAYER,1
harold edgerton,PLAYER,1
eadweard muybridge,PLAYER,1
f√∫tbol is life' where: lacma,MISC,1
5905 wilshire blvd,LOCATION,1
july 12,NUMERIC,1
wednesdays,NUMERIC,1
21-$30,NUMERIC,1
info,NATIONALITY,1
323,NUMERIC,1
857,NUMERIC,1
jakarta,LOCATION,1
new indonesia,LOCATION,1
john herdman,PLAYER,1
the asean hyundai cup,CLUB,1
englishman,NATIONALITY,1
the asean championship,COMPETITION,1
asean,LOCATION,1
cup,COMPETITION,1
the gold cup in concacaf,COMPETITION,1
patrick kluivert,PLAYER,1
bundesliga,COMPETITION,1
south-east,LOCATION,1
asian,NATIONALITY,1
sunderland,LOCATION,1
1996,NUMERIC,1
july 31,NUMERIC,1
four days later,NUMERIC,1
august 3,NUMERIC,1
group a,MISC,1
august 7,NUMERIC,1
30 years,NUMERIC,1
the hyundai cup,MISC,1
a hectic year,NUMERIC,1
the fifa series,MISC,1
march,NUMERIC,1
hyundai cup,MISC,1
the asian games,COMPETITION,1
the afc asian cup,CLUB,1
next january,NUMERIC,1
2012,NUMERIC,1
36-year,NUMERIC,1
indonesia football association,CLUB,1
timnas,PLAYER,1
50-year-old,NUMERIC,1
36 years,NUMERIC,1
280 million,NUMERIC,1
thohir,CLUB,1
a world cup,COMPETITION,1
asean united fc,CLUB,1
morgan mcsweeney,CLUB,1
seconds,NUMERIC,1
global counsel,CLUB,1
palantir,PLAYER,1
nhs,CLUB,1
streeting,PLAYER,1
jim murphy,PLAYER,1
arden strategies,CLUB,1
"as high as ¬£30,000",NUMERIC,1
peter mandelson,PLAYER,1
antonia romeo,PLAYER,1
vincent chan,PLAYER,1
18 years,NUMERIC,1
goldman sachs,CLUB,1
jeffrey,PLAYER,1
multibillion dollar,NUMERIC,1
bbc,CLUB,1
a year‚Äôs,NUMERIC,1
early 2010,NUMERIC,1
david cameron,PLAYER,1
a decade later,NUMERIC,1
cameron,PLAYER,1
56,NUMERIC,1
greensill capital,CLUB,1
the house of lords,CLUB,1
peter walker,PLAYER,1
only five years,NUMERIC,1
labour months,NUMERIC,1
the summer of 2024,NUMERIC,1
pippa crerar,PLAYER,1
the qatar world cup,COMPETITION,1
all-party parliamentary groups,CLUB,1
thousands of pounds,NUMERIC,1
the lobbying act,MISC,1
michelle mone,PLAYER,1
122,NUMERIC,1
owen paterson,PLAYER,1
quarterly,NUMERIC,1
monthly,NUMERIC,1
last october,NUMERIC,1
the ethics and integrity commission,CLUB,1
the committee on standards in public life,CLUB,1
the representation of the people bill,CLUB,1
"2,230",NUMERIC,1
sian berry,PLAYER,1
"more than ¬£2,000",NUMERIC,1
earlier this week,NUMERIC,1
darren jones,PLAYER,1
rowena mason,PLAYER,1
whitehall,CLUB,1
more than a dozen,NUMERIC,1
faculty ai,CLUB,1
labour one to two days a week,CLUB,1
three lions,CLUB,1
manchester united co-,CLUB,1
the united kingdom,LOCATION,1
just four,NUMERIC,1
mikel arteta‚Äôs,PLAYER,1
noni madueke,PLAYER,1
the hour,NUMERIC,1
only 10 minutes later,NUMERIC,1
keane lewis-potter,PLAYER,1
michael kayode,PLAYER,1
igor thiago,PLAYER,1
gabriel martinelli,PLAYER,1
caoimhin kelleher,PLAYER,1
the past three seasons,NUMERIC,1
22-year,NUMERIC,1
arteta,PLAYER,1
10 months,NUMERIC,1
european championship,COMPETITION,1
the end of this summer,NUMERIC,1
fa,CLUB,1
czechia,CLUB,1
@england,NATIONALITY,1
group a4,CLUB,1
denmark,LOCATION,1
slovenia,LOCATION,1
north macedonia,LOCATION,1
the republic of ireland,LOCATION,1
group b3,CLUB,1
sky news,CLUB,1
greater manchester,CLUB,1
andy burnham,PLAYER,1
the press association,CLUB,1
all red all equal,CLUB,1
the premier league‚Äôs,COMPETITION,1
advanced equality,CLUB,1
the mkm stadium,LOCATION,1
rosenior,LOCATION,1
tigers,CLUB,1
ü§ù pic.twitter.com/muuqdrnaae,PLAYER,1
emirates fa cup,COMPETITION,1
the fa cup,COMPETITION,1
hull,PLAYER,1
blues,CLUB,1
wrexham,CLUB,1
sky bet championship,PLAYER,1
ipswich,LOCATION,1
last weekend,NUMERIC,1
the joie stadium,LOCATION,1
arne slot,PLAYER,1
eddie howe,PLAYER,1
pep guardiola,PLAYER,1
unai emery,PLAYER,1
marco silva,PLAYER,1
daniel farke,PLAYER,1
scott parker,PLAYER,1
a busy afternoon,NUMERIC,1
sports falcon players prepare for title defense ajibade,CLUB,1
the sports writers association of nigeria,CLUB,1
rivers state chapter,CLUB,1
the lagos lawn tennis club,LOCATION,1
onikan,CLUB,1
canice abua,CLUB,1
michael emmanuel,PLAYER,1
daniel adeleye,PLAYER,1
abubakar yusuf,PLAYER,1
nigeria tennis federation,CLUB,1
victor ochei,PLAYER,1
10-year,NUMERIC,1
10 years,NUMERIC,1
age 15,NUMERIC,1
sadiq abdullahi,PLAYER,1
odizors,CLUB,1
imonities,CLUB,1
commonwealth games,CLUB,1
the national sports commission,CLUB,1
the 2026 commonwealth games,CLUB,1
glasgow,LOCATION,1
podium board,CLUB,1
bukola olopade,PLAYER,1
bola ahmed tinubu,PLAYER,1
yusuf ali-led,PLAYER,1
apc,CLUB,1
convention - sports5 days ago,CLUB,1
hammers beat burnley,PLAYER,1
ogun - news1,NUMERIC,1
nsc board constituted,CLUB,1
nff await world cup fate ahead play-offs - sports1,COMPETITION,1
mark bullingham,PLAYER,1
ruben amorim,PLAYER,1
december last year,NUMERIC,1
portuguese,NATIONALITY,1
michael carrick,PLAYER,1
24 hours,NUMERIC,1
the european championship,COMPETITION,1
a few months ahead,NUMERIC,1
sarina,PLAYER,1
gareth,PLAYER,1
southgate,CLUB,1
roberto de zerbi,PLAYER,1
oliver glasner,PLAYER,1
andoni iraola,CLUB,1
luis enrique,PLAYER,1
man united,CLUB,1
over a decade,NUMERIC,1
bluesky,PLAYER,1
blantyre-(maravipost)-the football association of malawi,CLUB,1
guinea bissau,LOCATION,1
14 february,NUMERIC,1
bingu national stadium,LOCATION,1
lilongwe,LOCATION,1
the open stand,CLUB,1
malawian,NATIONALITY,1
mayamiko kafwamba,PLAYER,1
malawians,NATIONALITY,1
kafwamba,PLAYER,1
"k5,000",CLUB,1
scorchers,MISC,1
angola,LOCATION,1
1‚Äì1,NUMERIC,1
guinea,LOCATION,1
nightmare nations league,COMPETITION,1
up to 120 days,NUMERIC,1
minutes,NUMERIC,1
john feehan,PLAYER,1
this evening,NUMERIC,1
abbotstown,PLAYER,1
fai egm,CLUB,1
bohemians,NATIONALITY,1
74,NUMERIC,1
paul cooke,PLAYER,1
earlier that day,NUMERIC,1
20 november last year,NUMERIC,1
alexander ceferin,PLAYER,1
the hungarian fa,CLUB,1
3-2,NUMERIC,1
budapest,LOCATION,1
the palestine fa,LOCATION,1
fifa congress,CLUB,1
may 2024,NUMERIC,1
fifa,PLAYER,1
more than 20 months,NUMERIC,1
27 november,NUMERIC,1
16 december,NUMERIC,1
19 october 2023,NUMERIC,1
the uefa congress,CLUB,1
the israeli fa,CLUB,1
egm,CLUB,1
cooke,PLAYER,1
sinn f√©in,CLUB,1
taoiseach,PLAYER,1
euroleague,CLUB,1
jerusalem,LOCATION,1
december,NUMERIC,1
nations league,COMPETITION,1
dublin,LOCATION,1
the end of 2024,NUMERIC,1
tim leighton,PLAYER,1
jordan morey nfhs,CLUB,1
flambeau (wisconsin) high school,LOCATION,1
beth,PLAYER,1
alberson,PLAYER,1
wisconsin interscholastic athletic association division,CLUB,1
hall of fame,CLUB,1
high school,CLUB,1
from 1979 to 2008,NUMERIC,1
nfhs athletics participation survey,CLUB,1
2009,NUMERIC,1
2015,NUMERIC,1
2000,NUMERIC,1
at least 21 percent,MISC,1
"451,600",NUMERIC,1
"16,526",NUMERIC,1
"356,240",NUMERIC,1
"18,208",NUMERIC,1
147,NUMERIC,1
more than 30,NUMERIC,1
december 1,NUMERIC,1
national view participation,CLUB,1
monica maxwell,PLAYER,1
maxwell,CLUB,1
national youth sports parent survey,CLUB,1
the aspen institute‚Äôs,CLUB,1
project play,MISC,1
48 percent,MISC,1
53 percent,MISC,1
21 percent,MISC,1
nine to 12 months,NUMERIC,1
annually,NUMERIC,1
58 percent,MISC,1
"1,016",NUMERIC,1
46 percent,MISC,1
nearly 70 percent,MISC,1
age 13,NUMERIC,1
the american academy of pediatrics,CLUB,1
sarah hayes,PLAYER,1
the south carolina high school league,CLUB,1
the nfhs basketball rules committee,CLUB,1
a season,NUMERIC,1
hayes,PLAYER,1
kansas,LOCATION,1
jeremy holaday,PLAYER,1
the kansas state high school activities association,CLUB,1
missy smith,PLAYER,1
oregon school activities association,CLUB,1
12- 13,NUMERIC,1
six quarters,NUMERIC,1
five quarters,NUMERIC,1
only half,NUMERIC,1
2019-20,NUMERIC,1
"approximately 2,000",NUMERIC,1
"74,000",NUMERIC,1
2024-25 school year,NUMERIC,1
15 percent,MISC,1
kevin anderson,PLAYER,1
the minnesota state high school league,CLUB,1
title ix,CLUB,1
seventh,NUMERIC,1
alisha lehmann,PLAYER,1
millions,NUMERIC,1
17,NUMERIC,1
65,NUMERIC,1
west ham,CLUB,1
serie,MISC,1
juventus,CLUB,1
como,CLUB,1
2.5-year,NUMERIC,1
16 million,NUMERIC,1
tezenis,CLUB,1
ronaldinho,CLUB,1
fanvue co-founder,PLAYER,1
will monange,PLAYER,1
alisha,PLAYER,1
$22 million,NUMERIC,1
senate blocks,CLUB,1
one day,NUMERIC,1
full-year,NUMERIC,1
47,NUMERIC,1
john fetterman,PLAYER,1
d-pa,CLUB,1
r-sd,CLUB,1
epoch times,CLUB,1
the end of that month,NUMERIC,1
feb. 3,NUMERIC,1
feb. 13,NUMERIC,1
next week,NUMERIC,1
john kennedy,PLAYER,1
feb. 4,NUMERIC,1
feb. 11,NUMERIC,1
immigration and customs enforcement,CLUB,1
minnesota,LOCATION,1
d-n.y.,CLUB,1
ice,CLUB,1
schumer,PLAYER,1
jay obernolte,PLAYER,1
calif.,LOCATION,1
the federal emergency management agency,CLUB,1
the secret service,CLUB,1
last year‚Äôs,NUMERIC,1
the house of representatives,CLUB,1
218,NUMERIC,1
henry cuellar,PLAYER,1
texas,LOCATION,1
the senate republican conference,CLUB,1
hill,PLAYER,1
mike lee,PLAYER,1
r-ut,CLUB,1
gop,CLUB,1
lee,PLAYER,1
john barrasso,PLAYER,1
r-wy,CLUB,1
fox news,CLUB,1
dhs shutdown on deck... meanwhile,MISC,1
us customs and border protection,CLUB,1
tens of billions of dollars,NUMERIC,1
fema,CLUB,1
roughly 13%,MISC,1
tsa,CLUB,1
mark amodei,PLAYER,1
r-nv,CLUB,1
the disaster relief fund,CLUB,1
just weeks,NUMERIC,1
winter,NUMERIC,1
sept. 30,NUMERIC,1
netherlands national football team,CLUB,1
the netherlands national football team,CLUB,1
missouri,LOCATION,1
metro,LOCATION,1
ronald koeman,PLAYER,1
dutch,NATIONALITY,1
"17,000-square-foot",MISC,1
$20 million,NUMERIC,1
the national women's soccer league,CLUB,1
the dutch national team's,CLUB,1
kansas city current,CLUB,1
angie,PLAYER,1
chris long,PLAYER,1
the fifa men's world rankings,CLUB,1
koeman,PLAYER,1
knvb,CLUB,1
marianne van leeuwen,PLAYER,1
riverside,CLUB,1
the coming weeks,NUMERIC,1
the liberia football association,CLUB,1
two-day,NUMERIC,1
mustapha i. raji,PLAYER,1
omar amr abou-zeid,PLAYER,1
norman brook,PLAYER,1
safeguarding consultant,CLUB,1
abdoulaye cisse,PLAYER,1
careysburg,LOCATION,1
congo,LOCATION,1
raji,PLAYER,1
ani 12 feb 2026,NUMERIC,1
18:34 gmt+10,NUMERIC,1
the afc u17 women's asian cup china,CLUB,1
the afc house,LOCATION,1
the young tigresses,CLUB,1
may 1 to 17,NUMERIC,1
fifa u17 women's world cup,COMPETITION,1
the northern mariana islands,LOCATION,1
group a,CLUB,1
the suzhou taihu football sports centre,CLUB,1
afc u17 women's asian cup,CLUB,1
british columbia,LOCATION,1
u.k.,LOCATION,1
london/toronto/frankfurt,CLUB,1
jeffrey epstein's,PLAYER,1
ubs,CLUB,1
havana,LOCATION,1
new york -,LOCATION,1
"130,000",NUMERIC,1
cisco systems,CLUB,1
honda motor co.,CLUB,1
the nine months through december,NUMERIC,1
ghanaian,NATIONALITY,1
westminster magistrates‚Äô court,CLUB,1
"friday, march 13",NUMERIC,1
southwark crown court,CLUB,1
september last year,NUMERIC,1
between 2021 and 2022,NUMERIC,1
four days,NUMERIC,1
the end of june,NUMERIC,1
november 2,NUMERIC,1
villarreal,CLUB,1
at least 24 hours,NUMERIC,1
june 23,NUMERIC,1
catherine,PLAYER,1
mark children's,CLUB,1
katy peart,PLAYER,1
catherine roach,PLAYER,1
col ray wilkinson,PLAYER,1
children's mental health week kate,MISC,1
44,NUMERIC,1
deloitte,CLUB,1
the royal foundation business taskforce,CLUB,1
early childhood,CLUB,1
march 2023,NUMERIC,1
nayar,CLUB,1
nikita,PLAYER,1
royal highness,PLAYER,1
new addington',LOCATION,1
queen,PLAYER,1
children's,CLUB,1
between nine and 11,NUMERIC,1
kensington palace's,CLUB,1
patron,PLAYER,1
group b,CLUB,1
the afc u-17 women‚Äôs asian cup 2026,CLUB,1
the kyrgyz republic,LOCATION,1
may 1 to may 17,NUMERIC,1
suzhou taihu football sports centre,CLUB,1
fifa u-17 women‚Äôs world cup,COMPETITION,1
northern mariana islands,LOCATION,1
ir iran,CLUB,1
the fifa u-17 women‚Äôs world cup morocco,COMPETITION,1
vladyslav heraskevych,PLAYER,1
the winter olympics,COMPETITION,1
heraskevych,PLAYER,1
less than an hour,NUMERIC,1
the international olympic committee,CLUB,1
vladylsav heraskevych,PLAYER,1
the milano cortina 2026 olympic winter games,CLUB,1
this morning,NUMERIC,1
the international bobsleigh,CLUB,1
skeleton federation,CLUB,1
the milano cortina 2026 games,CLUB,1
heraskevych,LOCATION,1
the court of arbitration,CLUB,1
bbc sport,CLUB,1
24,NUMERIC,1
february 2022,NUMERIC,1
ukrainian,NATIONALITY,1
morrisons,CLUB,1
day,NUMERIC,1
chevrolet,CLUB,1
opel,CLUB,1
jeep,CLUB,1
denza,CLUB,1
city football academy,CLUB,1
city,CLUB,1
next season,NUMERIC,1
stella li,PLAYER,1
uefa euro,CLUB,1
uefa european under-21 championship,COMPETITION,1
carro,CLUB,1
craig johnston,PLAYER,1
leicester city's,LOCATION,1
novocastrian,CLUB,1
pacific park,LOCATION,1
matildas,CLUB,1
emily van egmond,PLAYER,1
the a-league men's,CLUB,1
last year's,NUMERIC,1
about 10 years ago,NUMERIC,1
the next year,NUMERIC,1
maverick sports partners,CLUB,1
the eve of a,NUMERIC,1
february 13,NUMERIC,1
hbf park,LOCATION,1
10-6,NUMERIC,1
2007-2008,NUMERIC,1
2017-2018,NUMERIC,1
2015-2016,NUMERIC,1
the gold coast,LOCATION,1
an earlier season,NUMERIC,1
central coast,LOCATION,1
mcdonald jones stadium,LOCATION,1
november 23,NUMERIC,1
boxing day,COMPETITION,1
mariners,CLUB,1
auckland,LOCATION,1
adelaide,LOCATION,1
city,LOCATION,1
brisbane,LOCATION,1
wellington,LOCATION,1
western sydney,LOCATION,1
kosta grozos,PLAYER,1
zach clough,PLAYER,1
barely a year,NUMERIC,1
women‚Äôs africa cup of nations,COMPETITION,1
next month,NUMERIC,1
abiodun adewale,CLUB,1
iffhs,CLUB,1
women‚Äôs caf team of the year,CLUB,1
chiamaka nnadozie,PLAYER,1
christy ucheibe,PLAYER,1
oshoala,LOCATION,1
last thursday,NUMERIC,1
first-half,NUMERIC,1
al hilal ladies‚Äô,LOCATION,1
al ahli,CLUB,1
bringing princess charlotte,PLAYER,1
future,CLUB,1
the last three days,NUMERIC,1
the last few years,NUMERIC,1
the prince of wales,LOCATION,1
riyadh,LOCATION,1
saudi arabia‚Äôs,LOCATION,1
crown prince mohammed bin salman,PLAYER,1
a year later,NUMERIC,1
prince william‚Äôs,PLAYER,1
prince louis,LOCATION,1
lionesses,CLUB,1
die with a smile,MISC,1
perreo,PLAYER,1
latinos,NATIONALITY,1
benito antonio mart√≠nez ocasio,PLAYER,1
super bowl 60,COMPETITION,1
bronx,LOCATION,1
willy col√≥n,PLAYER,1
dando palo',CLUB,1
ren√©e slegers,PLAYER,1
belgian,NATIONALITY,1
those 90 minutes,NUMERIC,1
400th,NUMERIC,1
the night,NUMERIC,1
den dreef,PLAYER,1
copyright 2026 the arsenal football club limited,MISC,1
the asean women's futsal championship thailand,CLUB,1
24 february - 2 march,NUMERIC,1
nakhon ratchasima,CLUB,1
asean,CLUB,1
the australian women's futsal,CLUB,1
the asean women's futsal championships,CLUB,1
the national futsal championships,CLUB,1
australia women's,CLUB,1
national futsal team,CLUB,1
asean women's futsal,CLUB,1
asean women's futsal championship thailand 2026 match,CLUB,1
24 february 2026,NUMERIC,1
1.30pm,NUMERIC,1
korat australia,CLUB,1
25 february 2026,NUMERIC,1
korat philippines v,CLUB,1
26 february 2026,NUMERIC,1
korat,CLUB,1
sarsfields gaa,CLUB,1
lotto,CLUB,1
"20,500",NUMERIC,1
february 1,NUMERIC,1
2 x ‚Ç¨50,NUMERIC,1
faisal ahmed,PLAYER,1
sharon egan,PLAYER,1
600,NUMERIC,1
sunday night,NUMERIC,1
february 8,NUMERIC,1
pilate,PLAYER,1
curry gaa,PLAYER,1
2200,NUMERIC,1
monday night,NUMERIC,1
january 26,NUMERIC,1
"1,10",NUMERIC,1
27,NUMERIC,1
3 x ‚Ç¨20,NUMERIC,1
jean walsh,PLAYER,1
mary mccarrick,PLAYER,1
margaret mckinley,PLAYER,1
"monday, february 2",NUMERIC,1
2300,NUMERIC,1
"wednesday, january 28",NUMERIC,1
michael,PLAYER,1
pat brennan,PLAYER,1
tom ginty,PLAYER,1
hilary mcdonagh,PLAYER,1
nora mcveigh,PLAYER,1
maura kilcoyne,PLAYER,1
tom salmon,PLAYER,1
paddy gallagher,PLAYER,1
every wednesday night,NUMERIC,1
"tuesday, february 3",NUMERIC,1
darby,PLAYER,1
breege leonard,PLAYER,1
mary costello,PLAYER,1
mary o‚Äôhara,PLAYER,1
darby leonard,PLAYER,1
9pm,NUMERIC,1
2pm,NUMERIC,1
st valentine‚Äôs day,PLAYER,1
the national museum of ireland,CLUB,1
turlough park,LOCATION,1
castlebar,LOCATION,1
"the keeper of the irish folklife collection, clodagh doyle. admission",PLAYER,1
31751,NUMERIC,1
hatha,PLAYER,1
bag,PLAYER,1
"the thatch, kilmovee",CLUB,1
10am to 12 noon,NUMERIC,1
085 1971372,NUMERIC,1
tusla foster carer,CLUB,1
tusla fostering,CLUB,1
1800 226,NUMERIC,1
771,NUMERIC,1
the charlestown sarsfields lgfa club,CLUB,1
the ladies lidl national league,CLUB,1
the swinford amenity park,LOCATION,1
ella brennan,PLAYER,1
clodagh,PLAYER,1
julia gawalkevicz,PLAYER,1
ella,PLAYER,1
diane o‚Äôhora,PLAYER,1
st attracta‚Äôs,LOCATION,1
hagfield,LOCATION,1
kathleen brennan cloonlyon,PLAYER,1
cloonacool players‚Äô,CLUB,1
three nights,NUMERIC,1
"thursday, march 9, saturday 21 and sunday 22",NUMERIC,1
cloonacool community centre,CLUB,1
pat feehily,PLAYER,1
eileen davey,PLAYER,1
peadar conway,PLAYER,1
mary kathleem johnson,PLAYER,1
brid calvey,PLAYER,1
eight week,NUMERIC,1
the east mayo athletics club,CLUB,1
8-week,NUMERIC,1
the east mayo athletic club,CLUB,1
carracastle community centre,CLUB,1
087 4798831,NUMERIC,1
achonry pioneer,CLUB,1
"friday, march 20",NUMERIC,1
thomas,PLAYER,1
087 2344338,NUMERIC,1
the village competition,CLUB,1
the coming days,NUMERIC,1
next week‚Äôs,NUMERIC,1
the next two months or so,NUMERIC,1
knock shrine,PLAYER,1
11am in,NUMERIC,1
"friday, march 6",NUMERIC,1
barrack street,LOCATION,1
11am-1pm,NUMERIC,1
the sarsfields gaa club,CLUB,1
parish,CLUB,1
carmel,CLUB,1
086 3271196,NUMERIC,1
the charlestown boxing club,CLUB,1
cloonfane school,CLUB,1
the charlestown cubs u14,CLUB,1
crossmolina,CLUB,1
the county basketball league,CLUB,1
39-23,NUMERIC,1
westport,LOCATION,1
cloonlyon national school,CLUB,1
"friday, february 13",NUMERIC,1
094 9254932,NUMERIC,1
the n17/n5,LOCATION,1
ballyglass east,LOCATION,1
soldier field,LOCATION,1
$5 billion,NUMERIC,1
portage economic development corp.,CLUB,1
andy maletta,PLAYER,1
lou weisbach,PLAYER,1
wade breitzke,PLAYER,1
marina shores,LOCATION,1
halas harbor,LOCATION,1
june 2026,NUMERIC,1
hundreds of acres,MISC,1
45 minutes,NUMERIC,1
indiana toll road,LOCATION,1
interstate 90/94,LOCATION,1
south shore line,LOCATION,1
55-minute,NUMERIC,1
85 minutes,NUMERIC,1
"at least 70,000",NUMERIC,1
bears,CLUB,1
austin bonta,PLAYER,1
roger goodell,PLAYER,1
jan. 10,NUMERIC,1
goodell,CLUB,1
kevin warren,PLAYER,1
george mccaskey,PLAYER,1
the arlington heights,LOCATION,1
wolf lake,LOCATION,1
dec. 17,NUMERIC,1
portage,CLUB,1
the indiana general assembly,CLUB,1
soldier field,PLAYER,1
a year,NUMERIC,1
the redevelopment commission,CLUB,1
burns waterway,LOCATION,1
burns parkway,LOCATION,1
the indianapolis colts,CLUB,1
packers,NATIONALITY,1
chicagoans,NATIONALITY,1
the indiana dunes national park,CLUB,1
west beach,LOCATION,1
portage lakefront park,LOCATION,1
west beach‚Äôs,LOCATION,1
summer days,NUMERIC,1
interstate 94,LOCATION,1
north,PLAYER,1
the burns waterway,LOCATION,1
u.s. steel‚Äôs,CLUB,1
midwest,LOCATION,1
300 pounds,MISC,1
sportresort,CLUB,1
hammond,PLAYER,1
george halas,PLAYER,1
the des moines register,CLUB,1
national football league,CLUB,1
mike braun,PLAYER,1
at least 35 years,NUMERIC,1
lara sanoica,PLAYER,1
sanoica,PLAYER,1
sanoica,MISC,1
the illinois mega projects bill,CLUB,1
20%,MISC,1
mega projects,CLUB,1
$2 billion,NUMERIC,1
an estimated $855 million,NUMERIC,1
jim tinaglia,PLAYER,1
chicago tribune,CLUB,1
bob mccoppin,PLAYER,1
doug ross,PLAYER,1
the post-tribune,CLUB,1
nearly three years,NUMERIC,1
apple tv's,CLUB,1
jason sudeikis,PLAYER,1
summer 2026,NUMERIC,1
season 4,NUMERIC,1
division two,CLUB,1
"diamond dogs"" monologue reveals who ted lasso",MISC,1
season 1,NUMERIC,1
hannah waddingham,PLAYER,1
rupert mannion,PLAYER,1
anthony head,PLAYER,1
keeley hazell,PLAYER,1
the crown & anchor,CLUB,1
ted lasso's,PLAYER,1
finish,NATIONALITY,1
success,CLUB,1
jamie tartt,PLAYER,1
phil dunster,PLAYER,1
jamie,PLAYER,1
roy kent,PLAYER,1
brett goldstein,PLAYER,1
brendan hunt,PLAYER,1
joe kelly,PLAYER,1
bill lawrence cast - ted lasso -,PLAYER,1
afc richmond,LOCATION,1
winter olympian,CLUB,1
julia simon,PLAYER,1
milano cortina,CLUB,1
less than four months,NUMERIC,1
15km,MISC,1
three days earlier,NUMERIC,1
bulgaria,LOCATION,1
lora hristova,PLAYER,1
lou jeanmonnot,PLAYER,1
justine braisaz-bouchet,PLAYER,1
"more than ‚Ç¨2,000",NUMERIC,1
"1,371",NUMERIC,1
29-year-old,NUMERIC,1
albertville,LOCATION,1
three-month,NUMERIC,1
"15,000",NUMERIC,1
"13,117",NUMERIC,1
six-month,NUMERIC,1
five months,NUMERIC,1
braisaz-bouchet,PLAYER,1
80th,NUMERIC,1
eight and a half minutes,NUMERIC,1
eurosport,COMPETITION,1
norwegian,NATIONALITY,1
sturla holm laegreid,PLAYER,1
laegreid,CLUB,1
follow metro sport,MISC,1
france,LOCATION,1
the democratic national committee,CLUB,1
the week before thanksgiving,NUMERIC,1
november 12,NUMERIC,1
the new york times,CLUB,1
sarah longwell,PLAYER,1
longwell,PLAYER,1
fridays,NUMERIC,1
february 2025,NUMERIC,1
politico,CLUB,1
may 15,NUMERIC,1
diet cokes,CLUB,1
the national democratic club,CLUB,1
capitol hill,CLUB,1
hill,CLUB,1
gwen moore,PLAYER,1
wisconsin,LOCATION,1
november 4,NUMERIC,1
abigail spanberger,PLAYER,1
mikie sherrill,PLAYER,1
summer,NUMERIC,1
more than 400,NUMERIC,1
the saginaw ojibwe nation,CLUB,1
indigenous,CLUB,1
dakota oyate tribe,CLUB,1
only a minute,NUMERIC,1
the dakota war of 1862,COMPETITION,1
andrew egger,PLAYER,1
bulwark,CLUB,1
james carville,PLAYER,1
politics war room,COMPETITION,1
carville,PLAYER,1
elissa slotkin,PLAYER,1
caligula,PLAYER,1
nato,CLUB,1
team ruthless,CLUB,1
about four dozen,NUMERIC,1
eight years later,NUMERIC,1
ani 11 feb 2026,NUMERIC,1
17:31,NUMERIC,1
the afc house,CLUB,1
21st,NUMERIC,1
between may 5 and 22,NUMERIC,1
the afc u17 asian cup saudi arabia 2026 final draw,CLUB,1
pot 1,PLAYER,1
the afc u17 asian cup saudi arabia,CLUB,1
the fifa u17 women's world cup,COMPETITION,1
group g,CLUB,1
between may 1 and 17,NUMERIC,1
the final draw,CLUB,1
pot 4,NUMERIC,1
the afc u17 women's asian cup china 2026 final draw (,CLUB,1
"6),pot 3",NUMERIC,1
afc,NATIONALITY,1
afc u17 women's,CLUB,1
100%,MISC,1
50%,MISC,1
25%,MISC,1
2018,NUMERIC,1
islamabad,LOCATION,1
pakistan,LOCATION,1
thirty-one,NUMERIC,1
169,NUMERIC,1
shiite,NATIONALITY,1
rome,LOCATION,1
giorgia meloni,PLAYER,1
the afc u17 women's asian cup... ahmedabad,CLUB,1
aiden markram,PLAYER,1
lungi ngidi,PLAYER,1
nfl super bowl,CLUB,1
taboola,CLUB,1
63 per cent,NUMERIC,1
more than 4.7 million,NUMERIC,1
the past three months,NUMERIC,1
february 9th,NUMERIC,1
2.6 million,NUMERIC,1
1.6 million,NUMERIC,1
3.4 million,NUMERIC,1
48 per cent,NUMERIC,1
super bowl lx,CLUB,1
seattle seahawks,CLUB,1
new england patriots,CLUB,1
seahawks,CLUB,1
1 million,NUMERIC,1
latin-american,NATIONALITY,1
puerto rican,NATIONALITY,1
"800,000",NUMERIC,1
1.7 million,NUMERIC,1
the same period,NUMERIC,1
brits,NATIONALITY,1
wimbledon,COMPETITION,1
35 million,NUMERIC,1
the uefa women‚Äôs euro,CLUB,1
ten million and 6.5 million,NUMERIC,1
super bowl‚Äôs,COMPETITION,1
david struzzi,PLAYER,1
geo,MISC,1
leo,PLAYER,1
"4,504",NUMERIC,1
leo,CLUB,1
musk,CLUB,1
leo - orbital,CLUB,1
azam complex stadium,LOCATION,1
world cup qualifier,COMPETITION,1
may,NUMERIC,1
covid,PLAYER,1
joanna partridge,PLAYER,1
13 and 12,NUMERIC,1
13-year-old,NUMERIC,1
the holiest day,NUMERIC,1
jewish,NATIONALITY,1
british jews,NATIONALITY,1
the bbc world service,CLUB,1
just seven weeks,NUMERIC,1
tim davie,PLAYER,1
house of commons library,CLUB,1
late last year,NUMERIC,1
27%,MISC,1
great britain,LOCATION,1
13%,MISC,1
a house of lords,CLUB,1
lady scott,PLAYER,1
farage,PLAYER,1
matt russell,PLAYER,1
epassi uk,PLAYER,1
more than a quarter,NUMERIC,1
the past year,NUMERIC,1
fewer than half,NUMERIC,1
randstad international recruitment,CLUB,1
about a third,NUMERIC,1
pre-date,NUMERIC,1
the chartered management institute,CLUB,1
cmi,CLUB,1
the week,NUMERIC,1
five days,NUMERIC,1
alumira,LOCATION,1
harambee,NATIONALITY,1
alex alumira,PLAYER,1
"saturday, february 7, 2026",NUMERIC,1
elizabeth mideva‚Äôs,PLAYER,1
84th-minute,NUMERIC,1
the ulinzi sports complex,CLUB,1
the azam complex stadium,LOCATION,1
citizen digital,CLUB,1
alumirah,LOCATION,1
the kenya football federation (fkf,CLUB,1
football education and,CLUB,1
u17,CLUB,1
the 2024 world cup,COMPETITION,1
the dominican republic,LOCATION,1
mildred cheche,PLAYER,1
emily moranga,PLAYER,1
"monday, february 10",NUMERIC,1
the fifa u-20 women‚Äôs world cup,COMPETITION,1
"september 5 to 27, 2027",NUMERIC,1
the united states of america,LOCATION,1
korey dropkin,PLAYER,1
cory thiesse,PLAYER,1
6‚Äì5,NUMERIC,1
bj√∂rn borg,PLAYER,1
greenland,LOCATION,1
cinderella,PLAYER,1
milan cortina,CLUB,1
team usa‚Äôs,CLUB,1
lad dropkin,PLAYER,1
lass theisse,PLAYER,1
pawwwl,PLAYER,1
the cortina curling center,CLUB,1
u-s-a,CLUB,1
lake placid,PLAYER,1
1980,NUMERIC,1
the college football playoff,COMPETITION,1
90 minutes,NUMERIC,1
rock league,CLUB,1
saudis,NATIONALITY,1
2034,NUMERIC,1
salt lake city,LOCATION,1
tiger stadium,LOCATION,1
cameron indoor,PLAYER,1
lambeau field,LOCATION,1
pat forde,PLAYER,1
college football enquirer,CLUB,1
the big ten network,CLUB,1
yahoo sports,CLUB,1
courier-journal,CLUB,1
forde,PLAYER,1
28,NUMERIC,1
associated press sports,CLUB,1
the best american sports writing,CLUB,1
1990,NUMERIC,1
pulitzer prize,MISC,1
the u.s. basketball writers association,CLUB,1
the football writers association of america,CLUB,1
stephen hoyle,PLAYER,1
anna leat,PLAYER,1
cassidy davis,PLAYER,1
a-league women's,CLUB,1
alw,CLUB,1
only four,NUMERIC,1
western sydney wanderers,LOCATION,1
commbank stadium,LOCATION,1
sportsground,CLUB,1
february 21,NUMERIC,1
women's asian cup. leat,CLUB,1
women's super league,COMPETITION,1
georgia ritchie,PLAYER,1
glendale,LOCATION,1
17-year-old,NUMERIC,1
a-leagues,CLUB,1
132,NUMERIC,1
claire adams,PLAYER,1
zoe karipidis,PLAYER,1
last weekend's,NUMERIC,1
kelli brown,PLAYER,1
emma bates,PLAYER,1
moses aduku,PLAYER,1
janet akekoromowei,PLAYER,1
u20,CLUB,1
falconets,LOCATION,1
the first half of last saturday‚Äôs,NUMERIC,1
abeokuta,CLUB,1
this wednesday morning,NUMERIC,1
a tough first half,NUMERIC,1
the second half,NUMERIC,1
the kingdom of morocco,LOCATION,1
stade lat dior,LOCATION,1
70 kilometres,MISC,1
zakia el grini,CLUB,1
karima khadiri,PLAYER,1
ihsane ennouajeli nouajli,PLAYER,1
zoulaikha harmasse,PLAYER,1
oumou souleymane kane,CLUB,1
mauritania,LOCATION,1
kenyan,NATIONALITY,1
alice kimani,PLAYER,1
5pm,NUMERIC,1
6pm nigeria time,NUMERIC,1
september,NUMERIC,1
adidas,CLUB,1
scandinavia,LOCATION,1
nordic shield maidens,MISC,1
skjaldborg,CLUB,1
oslo,CLUB,1
tigerstaden,MISC,1
beth mead,PLAYER,1
kim little,PLAYER,1
katie mccabe,PLAYER,1
the uefa women‚Äôs champions league final,COMPETITION,1
the uefa women‚Äôs champions league,COMPETITION,1
adidas stores,CLUB,1
the arsenal football club limited,CLUB,1
bodak yellow,MISC,1
stefon diggs,PLAYER,1
audemars piguet,MISC,1
little miss drama tour,MISC,1
"between $445,000 to $551,000",NUMERIC,1
18-carat,MISC,1
feb. 9,NUMERIC,1
benny the jeweler,PLAYER,1
33-year-old,NUMERIC,1
nearly seven years,NUMERIC,1
grammy,MISC,1
kulture,CLUB,1
blossom,PLAYER,1
14 months,NUMERIC,1
feb. 8,NUMERIC,1
the new england patriots,CLUB,1
the couple of one year,NUMERIC,1
the seattle seahawks,CLUB,1
vince lombardi trophy,PLAYER,1
nat herz,PLAYER,1
fasterskier,CLUB,1
predazzo,CLUB,1
time,CLUB,1
nfl football,CLUB,1
nhl,CLUB,1
pga,CLUB,1
wcw wrestling,CLUB,1
team figure skating,MISC,1
lindsey vonn,PLAYER,1
milano-cortina,CLUB,1
world cup champion,COMPETITION,1
world champion,CLUB,1
jonna sundling,PLAYER,1
team usa,CLUB,1
20th,NUMERIC,1
sammy smith,PLAYER,1
26th,NUMERIC,1
lauren jortberg,PLAYER,1
olympic skiathlon,MISC,1
the day in 17th,NUMERIC,1
kern 6th,CLUB,1
jortberg,LOCATION,1
sanford,LOCATION,1
eileen gu,PLAYER,1
zoe atkin,PLAYER,1
brandon kim,PLAYER,1
kristine stavass skistad,PLAYER,1
2025 world cup sprint,COMPETITION,1
jasmi joensuu,PLAYER,1
joenssu,CLUB,1
skistad‚Äôs,CLUB,1
joensuu,CLUB,1
quarterfinal 2,MISC,1
nadine faehndrich,PLAYER,1
the day‚Äôs,NUMERIC,1
caterina ganz,PLAYER,1
johanna matintalo,PLAYER,1
laura gimmler,PLAYER,1
julie bjervig driveness,PLAYER,1
her day,NUMERIC,1
federica cassol,PLAYER,1
ita,CLUB,1
sprint semifinals kern,MISC,1
"svahn, sundling",CLUB,1
skistad. sundling,CLUB,1
hte,CLUB,1
driveness,CLUB,1
skistad and kern,CLUB,1
six months ago,NUMERIC,1
massuchessetts,PLAYER,1
the olympic classic sprint,COMPETITION,1
the irish football association,CLUB,1
the fifa women‚Äôs world cup 2035,COMPETITION,1
irish fa,CLUB,1
scottish fa,CLUB,1
monday 2 february,NUMERIC,1
the clearer twist national stadium,CLUB,1
windsor park,LOCATION,1
belfast,LOCATION,1
63 million,NUMERIC,1
two hours,NUMERIC,1
4.5 million,NUMERIC,1
all together,MISC,1
2035,NUMERIC,1
thursday 30 april 2026,NUMERIC,1
76th,NUMERIC,1
vancouver,LOCATION,1
xinhua 10 feb 2026,CLUB,1
13:47 gmt+10,NUMERIC,1
the yiwu international trade market,LOCATION,1
zhejiang province,LOCATION,1
brazilian,NATIONALITY,1
matheus,PLAYER,1
two-month,NUMERIC,1
"5,000 to 10,000",NUMERIC,1
luo tianle,PLAYER,1
50 to 60,NUMERIC,1
1 million yuan,NUMERIC,1
"about 144,000 u.s. dollars",NUMERIC,1
just one week,NUMERIC,1
luo,PLAYER,1
north american,NATIONALITY,1
as early as,NUMERIC,1
may 2025,NUMERIC,1
wen congjian,PLAYER,1
over 2 million,NUMERIC,1
qatar world cup,COMPETITION,1
chen shaomei's,PLAYER,1
roughly 15 percent,MISC,1
chinese new year holiday,COMPETITION,1
chen,PLAYER,1
later this year,NUMERIC,1
about 30 percent,MISC,1
wu xiaoming,PLAYER,1
the last world cup,COMPETITION,1
just 50 days,NUMERIC,1
two-decade,NUMERIC,1
yiwu customs,CLUB,1
20.3 percent,MISC,1
11.65 billion yuan,NUMERIC,1
kash patel,PLAYER,1
january 23,NUMERIC,1
canadian,NATIONALITY,1
ryan wedding,PLAYER,1
latin american,NATIONALITY,1
russian,NATIONALITY,1
sergei lavrov,PLAYER,1
mike frey-imagn images,PLAYER,1
sebastian korda,PLAYER,1
michael zheng,PLAYER,1
u.s,LOCATION,1
seoul,LOCATION,1
south korean,NATIONALITY,1
new york - technology,LOCATION,1
nvidia,CLUB,1
antholz,LOCATION,1
election year,NUMERIC,1
donald trump‚Äôs,PLAYER,1
board of peace,CLUB,1
jared kushner‚Äôs,PLAYER,1
the state department,CLUB,1
the palestinian authority,CLUB,1
benjamin netanyahu,PLAYER,1
the oslo accords,MISC,1
hebron,LOCATION,1
a few thousand,NUMERIC,1
strip,LOCATION,1
marwan barghouti,PLAYER,1
2002,NUMERIC,1
2004,NUMERIC,1
66-year-old,NUMERIC,1
40 years,NUMERIC,1
the israel defense forces,CLUB,1
khalil shikaki,PLAYER,1
mahmoud abbas,PLAYER,1
khaled meshaal,PLAYER,1
49 per cent,NUMERIC,1
36 per cent,NUMERIC,1
abbas,PLAYER,1
13 per cent,NUMERIC,1
58 per cent,NUMERIC,1
39 per cent,NUMERIC,1
the years,NUMERIC,1
yasser arafat,PLAYER,1
fadwa barghouti,PLAYER,1
ramallah,LOCATION,1
jerusalemites,LOCATION,1
35-year-old,NUMERIC,1
the past three winters,NUMERIC,1
fadwa,CLUB,1
the general union of palestinian women,CLUB,1
fatah,CLUB,1
the age of 18,NUMERIC,1
kahanist,NATIONALITY,1
itamar ben-gvir,PLAYER,1
ben-gvir,PLAYER,1
meggido,PLAYER,1
this past autumn,NUMERIC,1
bono,PLAYER,1
vintage/penguin,CLUB,1
ami ayalon,PLAYER,1
shin bet,PLAYER,1
navy,CLUB,1
ayalon,CLUB,1
an election year,NUMERIC,1
gazans,NATIONALITY,1
west bank,LOCATION,1
