file,player_name,country,position,models_missed
Games/BBC/05_SRB_ENG_first_half.json,Aleksandar Mitrovic,SRB,Centre Forward,"en_core_web_lg, en_core_web_sm"
Games/BBC/05_SRB_ENG_first_half.json,Andrija Zivkovic,SRB,Right Winger,"en_core_web_lg, en_core_web_sm"
Games/BBC/05_SRB_ENG_first_half.json,Guehi,ENG,Centre Back,"en_core_web_lg, en_core_web_sm"
Games/BBC/05_SRB_ENG_first_half.json,Kostic,SRB,Left Midfield,"en_core_web_lg, en_core_web_sm"
Games/BBC/05_SRB_ENG_first_half.json,Lukic,SRB,Central Midfield,"en_core_web_lg, en_core_web_sm"
Games/BBC/05_SRB_ENG_first_half.json,Phil Foden,ENG,Right Winger,"en_core_web_lg, en_core_web_sm"
Games/BBC/05_SRB_ENG_first_half.json,Srdjan Babic,SRB,Centre Back,"en_core_web_lg, en_core_web_sm"
Games/BBC/05_SRB_ENG_second_half.json,Aleksandar Mitrovic,SRB,Centre Forward,"en_core_web_lg, en_core_web_sm"
Games/BBC/05_SRB_ENG_second_half.json,Bukayo Saka,ENG,Right Winger,"en_core_web_lg, en_core_web_sm"
Games/BBC/05_SRB_ENG_second_half.json,Conor Gallagher,ENG,Central Midfield,"en_core_web_lg, en_core_web_sm"
Games/BBC/05_SRB_ENG_second_half.json,Guehi,ENG,Centre Back,"en_core_web_lg, en_core_web_sm"
Games/BBC/05_SRB_ENG_second_half.json,Ilic,SRB,Central Midfield,"en_core_web_lg, en_core_web_sm"
Games/BBC/05_SRB_ENG_second_half.json,Kostic,SRB,Left Midfield,"en_core_web_lg, en_core_web_sm"
Games/BBC/05_SRB_ENG_second_half.json,Srdjan Babic,SRB,Centre Back,"en_core_web_lg, en_core_web_sm"
Games/BBC/07_POL_NED_first_half.json,Ake,NED,Centre Back,"en_core_web_lg, en_core_web_sm"
Games/BBC/07_POL_NED_first_half.json,Cody Gakpo,NED,Left Winger,"en_core_web_lg, en_core_web_sm"
Games/BBC/07_POL_NED_first_half.json,Denzel Dumfries,NED,Right Midfield,"en_core_web_lg, en_core_web_sm"
Games/BBC/07_POL_NED_first_half.json,Matthijs de Ligt,NED,Centre Back,"en_core_web_lg, en_core_web_sm"
Games/BBC/07_POL_NED_first_half.json,Memphis Depay,NED,Centre Forward,"en_core_web_lg, en_core_web_sm"
Games/BBC/07_POL_NED_first_half.json,Szczesny,POL,Goalkeeper,"en_core_web_lg, en_core_web_sm"
Games/BBC/07_POL_NED_first_half.json,Virgil van Dijk,NED,Centre Back,"en_core_web_lg, en_core_web_sm"
Games/BBC/07_POL_NED_second_half.json,Ake,NED,Centre Back,"en_core_web_lg, en_core_web_sm"
Games/BBC/07_POL_NED_second_half.json,Denzel Dumfries,NED,Right Midfield,"en_core_web_lg, en_core_web_sm"
Games/BBC/07_POL_NED_second_half.json,Donyell Malen,NED,Right Winger,"en_core_web_lg, en_core_web_sm"
Games/BBC/07_POL_NED_second_half.json,Jan Bednarek,POL,Centre Back,"en_core_web_lg, en_core_web_sm"
Games/BBC/07_POL_NED_second_half.json,Matthijs de Ligt,NED,Centre Back,"en_core_web_lg, en_core_web_sm"
Games/BBC/07_POL_NED_second_half.json,Szczesny,POL,Goalkeeper,"en_core_web_lg, en_core_web_sm"
Games/BBC/08_AUT_FRA_first_half.json,Dayot Upamecano,FRA,Centre Back,"en_core_web_lg, en_core_web_sm"
Games/BBC/08_AUT_FRA_first_half.json,Dembele,FRA,Right Winger,"en_core_web_lg, en_core_web_sm"
Games/BBC/08_AUT_FRA_first_half.json,Kante,FRA,Defensive Midfield,"en_core_web_lg, en_core_web_sm"
Games/BBC/08_AUT_FRA_first_half.json,Kevin Danso,AUT,Centre Back,"en_core_web_lg, en_core_web_sm"
Games/BBC/08_AUT_FRA_first_half.json,Mbappe,FRA,Centre Forward,"en_core_web_lg, en_core_web_sm"
Games/BBC/08_AUT_FRA_first_half.json,Phillipp Mwene,AUT,Left Back,"en_core_web_lg, en_core_web_sm"
Games/BBC/08_AUT_FRA_first_half.json,Tchouameni,FRA,Defensive Midfield,"en_core_web_lg, en_core_web_sm"
Games/BBC/08_AUT_FRA_first_half.json,Wober,AUT,Centre Back,"en_core_web_lg, en_core_web_sm"
Games/BBC/08_AUT_FRA_second_half.json,Dembele,FRA,Right Winger,"en_core_web_lg, en_core_web_sm"
Games/BBC/08_AUT_FRA_second_half.json,Kante,FRA,Defensive Midfield,"en_core_web_lg, en_core_web_sm"
Games/BBC/08_AUT_FRA_second_half.json,Kevin Danso,AUT,Centre Back,"en_core_web_lg, en_core_web_sm"
Games/BBC/08_AUT_FRA_second_half.json,Kounde,FRA,Centre Back,"en_core_web_lg, en_core_web_sm"
Games/BBC/08_AUT_FRA_second_half.json,Mbappe,FRA,Centre Forward,"en_core_web_lg, en_core_web_sm"
Games/BBC/08_AUT_FRA_second_half.json,Ralf Rangnick,AUT,Coach,"en_core_web_lg, en_core_web_sm"
Games/BBC/08_AUT_FRA_second_half.json,Romano Schmid,AUT,Attacking Midfield,"en_core_web_lg, en_core_web_sm"
Games/BBC/08_AUT_FRA_second_half.json,Wober,AUT,Centre Back,"en_core_web_lg, en_core_web_sm"
Games/BBC/10_ROU_UKR_first_half.json,Artem Dovbyk,UKR,Centre Forward,"en_core_web_lg, en_core_web_sm"
Games/BBC/10_ROU_UKR_first_half.json,Birligea,ROU,Centre Forward,"en_core_web_lg, en_core_web_sm"
Games/BBC/10_ROU_UKR_first_half.json,Burca,ROU,Centre Back,"en_core_web_lg, en_core_web_sm"
Games/BBC/10_ROU_UKR_first_half.json,Dennis Man,ROU,Right Winger,"en_core_web_lg, en_core_web_sm"
Games/BBC/10_ROU_UKR_first_half.json,Florinel Coman,ROU,Left Winger,"en_core_web_lg, en_core_web_sm"
Games/BBC/10_ROU_UKR_first_half.json,Iordanescu,ROU,Coach,"en_core_web_lg, en_core_web_sm"
Games/BBC/10_ROU_UKR_first_half.json,Marius Marin,ROU,Central Midfield,"en_core_web_lg, en_core_web_sm"
Games/BBC/10_ROU_UKR_first_half.json,Mykhaylo Mudryk,UKR,Left Winger,"en_core_web_lg, en_core_web_sm"
Games/BBC/10_ROU_UKR_first_half.json,Mykola Matvienko,UKR,Centre Back,"en_core_web_lg, en_core_web_sm"
Games/BBC/10_ROU_UKR_second_half.json,Dragusin,ROU,Centre Back,"en_core_web_lg, en_core_web_sm"
Games/BBC/10_ROU_UKR_second_half.json,Ianis Hagi,ROU,Attacking Midfield,"en_core_web_lg, en_core_web_sm"
Games/BBC/10_ROU_UKR_second_half.json,Iordanescu,ROU,Coach,"en_core_web_lg, en_core_web_sm"
Games/BBC/10_ROU_UKR_second_half.json,Mykhaylo Mudryk,UKR,Left Winger,"en_core_web_lg, en_core_web_sm"
Games/BBC/10_ROU_UKR_second_half.json,Nita,ROU,Goalkeeper,"en_core_web_lg, en_core_web_sm"
Games/BBC/10_ROU_UKR_second_half.json,Racovitan,ROU,Centre Back,"en_core_web_lg, en_core_web_sm"
Games/BBC/10_ROU_UKR_second_half.json,Roman Yaremchuk,UKR,Centre Forward,"en_core_web_lg, en_core_web_sm"
Games/BBC/10_ROU_UKR_second_half.json,Volodymyr Brazhko,UKR,Defensive Midfield,"en_core_web_lg, en_core_web_sm"
Games/BBC/11_TUR_GEO_first_half.json,Abdülkerim Bardakcı,TUR,Centre Back,"en_core_web_lg, en_core_web_sm"
Games/BBC/11_TUR_GEO_first_half.json,Barış Alper Yılmaz,TUR,Right Winger,"en_core_web_lg, en_core_web_sm"
Games/BBC/11_TUR_GEO_first_half.json,Guler,TUR,Attacking Midfield,"en_core_web_lg, en_core_web_sm"
Games/BBC/11_TUR_GEO_first_half.json,Jemal Tabidze,GEO,Centre Back,"en_core_web_lg, en_core_web_sm"
Games/BBC/11_TUR_GEO_first_half.json,Kokcu,TUR,Central Midfield,"en_core_web_lg, en_core_web_sm"
Games/BBC/11_TUR_GEO_first_half.json,Muldur,TUR,Right Back,"en_core_web_lg, en_core_web_sm"
Games/BBC/11_TUR_GEO_second_half.json,Abdülkerim Bardakcı,TUR,Centre Back,"en_core_web_lg, en_core_web_sm"
Games/BBC/11_TUR_GEO_second_half.json,Barış Alper Yılmaz,TUR,Right Winger,"en_core_web_lg, en_core_web_sm"
Games/BBC/11_TUR_GEO_second_half.json,Muldur,TUR,Right Back,"en_core_web_lg, en_core_web_sm"
Games/BBC/11_TUR_GEO_second_half.json,Yuksek,TUR,Defensive Midfield,"en_core_web_lg, en_core_web_sm"
Games/BBC/12_POR_CZE_first_half.json,Leao,POR,Left Winger,"en_core_web_lg, en_core_web_sm"
Games/BBC/12_POR_CZE_first_half.json,Roberto Martinez,POR,Coach,"en_core_web_lg, en_core_web_sm"
Games/BBC/12_POR_CZE_first_half.json,Rúben Dias,POR,Centre Back,"en_core_web_lg, en_core_web_sm"
Games/BBC/12_POR_CZE_first_half.json,Sa,POR,Goalkeeper,"en_core_web_lg, en_core_web_sm"
Games/BBC/12_POR_CZE_second_half.json,Conceicao,POR,Right Winger,"en_core_web_lg, en_core_web_sm"
Games/BBC/12_POR_CZE_second_half.json,Inacio,POR,Centre Back,"en_core_web_lg, en_core_web_sm"
Games/BBC/12_POR_CZE_second_half.json,Ondrej Lingr,CZE,Attacking Midfield,"en_core_web_lg, en_core_web_sm"
Games/BBC/12_POR_CZE_second_half.json,Rúben Dias,POR,Centre Back,"en_core_web_lg, en_core_web_sm"
Games/BBC/12_POR_CZE_second_half.json,Sa,POR,Goalkeeper,"en_core_web_lg, en_core_web_sm"
Games/BBC/13_SCO_SUI_first_half.json,Angus Gunn,SCO,Goalkeeper,"en_core_web_lg, en_core_web_sm"
Games/BBC/13_SCO_SUI_first_half.json,Ché Adams,SCO,Centre Forward,"en_core_web_lg, en_core_web_sm"
Games/BBC/13_SCO_SUI_first_half.json,Granit Xhaka,SUI,Defensive Midfield,"en_core_web_lg, en_core_web_sm"
Games/BBC/13_SCO_SUI_first_half.json,Rubén Vargas,SUI,Right Winger,"en_core_web_lg, en_core_web_sm"
Games/BBC/13_SCO_SUI_first_half.json,Ryan Porteous,SCO,Centre Back,"en_core_web_lg, en_core_web_sm"
Games/BBC/13_SCO_SUI_first_half.json,Schar,SUI,Centre Back,"en_core_web_lg, en_core_web_sm"
Games/BBC/13_SCO_SUI_second_half.json,Rubén Vargas,SUI,Right Winger,"en_core_web_lg, en_core_web_sm"
Games/BBC/13_SCO_SUI_second_half.json,Ryan Porteous,SCO,Centre Back,"en_core_web_lg, en_core_web_sm"
Games/BBC/14_GER_HUN_first_half.json,Attila Szalai,HUN,Centre Back,"en_core_web_lg, en_core_web_sm"
Games/BBC/14_GER_HUN_first_half.json,Bendegúz Bolla,HUN,Right Back,"en_core_web_lg, en_core_web_sm"
Games/BBC/14_GER_HUN_first_half.json,Dardai,HUN,Centre Back,"en_core_web_lg, en_core_web_sm"
Games/BBC/14_GER_HUN_first_half.json,Emre Can,GER,Attacking Midfield,"en_core_web_lg, en_core_web_sm"
Games/BBC/14_GER_HUN_first_half.json,Mittelstadt,GER,Left Back,"en_core_web_lg, en_core_web_sm"
Games/BBC/14_GER_HUN_first_half.json,Rudiger,GER,Centre Back,"en_core_web_lg, en_core_web_sm"
Games/BBC/14_GER_HUN_first_half.json,Toni Kroos,GER,Central Midfield,"en_core_web_lg, en_core_web_sm"
Games/BBC/14_GER_HUN_first_half.json,Waldemar Anton,GER,Centre Back,"en_core_web_lg, en_core_web_sm"
Games/BBC/14_GER_HUN_first_half.json,Zsolt Nagy,HUN,Left Back,"en_core_web_lg, en_core_web_sm"
Games/BBC/14_GER_HUN_second_half.json,Barnabás Varga,HUN,Centre Forward,"en_core_web_lg, en_core_web_sm"
Games/BBC/14_GER_HUN_second_half.json,Dardai,HUN,Centre Back,"en_core_web_lg, en_core_web_sm"
Games/BBC/14_GER_HUN_second_half.json,Emre Can,GER,Attacking Midfield,"en_core_web_lg, en_core_web_sm"
Games/BBC/14_GER_HUN_second_half.json,Gulacsi,HUN,Goalkeeper,"en_core_web_lg, en_core_web_sm"
Games/BBC/14_GER_HUN_second_half.json,Mittelstadt,GER,Left Back,"en_core_web_lg, en_core_web_sm"
Games/BBC/14_GER_HUN_second_half.json,Rudiger,GER,Centre Back,"en_core_web_lg, en_core_web_sm"
Games/BBC/14_GER_HUN_second_half.json,Sane,GER,Right Winger,"en_core_web_lg, en_core_web_sm"
Games/BBC/14_GER_HUN_second_half.json,Zsolt Nagy,HUN,Left Back,"en_core_web_lg, en_core_web_sm"
Games/BBC/17_DEN_ENG_first_half.json,Aaron Ramsdale,ENG,Goalkeeper,"en_core_web_lg, en_core_web_sm"
Games/BBC/17_DEN_ENG_first_half.json,Declan Rice,ENG,Defensive Midfield,"en_core_web_lg, en_core_web_sm"
Games/BBC/17_DEN_ENG_first_half.json,Guehi,ENG,Centre Back,"en_core_web_lg, en_core_web_sm"
Games/BBC/17_DEN_ENG_first_half.json,Hojbjerg,DEN,Defensive Midfield,"en_core_web_lg, en_core_web_sm"
Games/BBC/17_DEN_ENG_first_half.json,Hojlund,DEN,Centre Forward,"en_core_web_lg, en_core_web_sm"
Games/BBC/17_DEN_ENG_first_half.json,Jordan Pickford,ENG,Goalkeeper,"en_core_web_lg, en_core_web_sm"
Games/BBC/17_DEN_ENG_first_half.json,Kyle Walker,ENG,Right Back,"en_core_web_lg, en_core_web_sm"
Games/BBC/17_DEN_ENG_first_half.json,Ronnow,DEN,Goalkeeper,"en_core_web_lg, en_core_web_sm"
Games/BBC/17_DEN_ENG_first_half.json,Trent Alexander-Arnold,ENG,Right Back,"en_core_web_lg, en_core_web_sm"
Games/BBC/17_DEN_ENG_second_half.json,Guehi,ENG,Centre Back,"en_core_web_lg, en_core_web_sm"
Games/BBC/17_DEN_ENG_second_half.json,Hojbjerg,DEN,Defensive Midfield,"en_core_web_lg, en_core_web_sm"
Games/BBC/17_DEN_ENG_second_half.json,Hojlund,DEN,Centre Forward,"en_core_web_lg, en_core_web_sm"
Games/BBC/17_DEN_ENG_second_half.json,Kyle Walker,ENG,Right Back,"en_core_web_lg, en_core_web_sm"
Games/BBC/20_NED_FRA_first_half.json,Bart Verbruggen,NED,Goalkeeper,"en_core_web_lg, en_core_web_sm"
Games/BBC/20_NED_FRA_first_half.json,Dembele,FRA,Right Winger,"en_core_web_lg, en_core_web_sm"
Games/BBC/20_NED_FRA_first_half.json,Denzel Dumfries,NED,Right Midfield,"en_core_web_lg, en_core_web_sm"
Games/BBC/20_NED_FRA_first_half.json,Jerdy Schouten,NED,Defensive Midfield,"en_core_web_lg, en_core_web_sm"
Games/BBC/20_NED_FRA_first_half.json,Kante,FRA,Defensive Midfield,"en_core_web_lg, en_core_web_sm"
Games/BBC/20_NED_FRA_first_half.json,Kounde,FRA,Centre Back,"en_core_web_lg, en_core_web_sm"
Games/BBC/20_NED_FRA_first_half.json,Matthijs de Ligt,NED,Centre Back,"en_core_web_lg, en_core_web_sm"
Games/BBC/20_NED_FRA_first_half.json,Mbappe,FRA,Centre Forward,"en_core_web_lg, en_core_web_sm"
Games/BBC/20_NED_FRA_first_half.json,Memphis Depay,NED,Centre Forward,"en_core_web_lg, en_core_web_sm"
Games/BBC/20_NED_FRA_first_half.json,Stefan de Vrij,NED,Centre Back,"en_core_web_lg, en_core_web_sm"
Games/BBC/20_NED_FRA_first_half.json,Virgil van Dijk,NED,Centre Back,"en_core_web_lg, en_core_web_sm"
Games/BBC/20_NED_FRA_second_half.json,Ake,NED,Centre Back,"en_core_web_lg, en_core_web_sm"
Games/BBC/20_NED_FRA_second_half.json,Antoine Griezmann,FRA,Centre Forward,"en_core_web_lg, en_core_web_sm"
Games/BBC/20_NED_FRA_second_half.json,Dayot Upamecano,FRA,Centre Back,"en_core_web_lg, en_core_web_sm"
Games/BBC/20_NED_FRA_second_half.json,Dembele,FRA,Right Winger,"en_core_web_lg, en_core_web_sm"
Games/BBC/20_NED_FRA_second_half.json,Denzel Dumfries,NED,Right Midfield,"en_core_web_lg, en_core_web_sm"
Games/BBC/20_NED_FRA_second_half.json,Donyell Malen,NED,Right Winger,"en_core_web_lg, en_core_web_sm"
Games/BBC/20_NED_FRA_second_half.json,Jerdy Schouten,NED,Defensive Midfield,"en_core_web_lg, en_core_web_sm"
Games/BBC/20_NED_FRA_second_half.json,Kante,FRA,Defensive Midfield,"en_core_web_lg, en_core_web_sm"
Games/BBC/20_NED_FRA_second_half.json,Kounde,FRA,Centre Back,"en_core_web_lg, en_core_web_sm"
Games/BBC/20_NED_FRA_second_half.json,Matthijs de Ligt,NED,Centre Back,"en_core_web_lg, en_core_web_sm"
Games/BBC/20_NED_FRA_second_half.json,Mbappe,FRA,Centre Forward,"en_core_web_lg, en_core_web_sm"
Games/BBC/20_NED_FRA_second_half.json,Memphis Depay,NED,Centre Forward,"en_core_web_lg, en_core_web_sm"
Games/BBC/20_NED_FRA_second_half.json,Virgil van Dijk,NED,Centre Back,"en_core_web_lg, en_core_web_sm"
Games/BBC/20_NED_FRA_second_half.json,Xavi Simons,NED,Attacking Midfield,"en_core_web_lg, en_core_web_sm"
Games/BBC/21_SVK_UKR_first_half.json,Andriy Yarmolenko,UKR,Right Winger,"en_core_web_lg, en_core_web_sm"
Games/BBC/21_SVK_UKR_first_half.json,Milan Skriniar,SVK,Centre Back,"en_core_web_lg, en_core_web_sm"
Games/BBC/21_SVK_UKR_first_half.json,Mykhaylo Mudryk,UKR,Left Winger,"en_core_web_lg, en_core_web_sm"
Games/BBC/21_SVK_UKR_second_half.json,Maksym Taloverov,UKR,Centre Back,"en_core_web_lg, en_core_web_sm"
Games/BBC/21_SVK_UKR_second_half.json,Milan Skriniar,SVK,Centre Back,"en_core_web_lg, en_core_web_sm"
Games/BBC/21_SVK_UKR_second_half.json,Mykhaylo Mudryk,UKR,Left Winger,"en_core_web_lg, en_core_web_sm"
Games/BBC/24_GEO_CZE_first_half.json,Sadilek,CZE,Central Midfield,"en_core_web_lg, en_core_web_sm"
Games/BBC/24_GEO_CZE_first_half.json,Tomas Holes,CZE,Centre Back,"en_core_web_lg, en_core_web_sm"
Games/BBC/24_GEO_CZE_first_half.json,Vitik,CZE,Centre Back,"en_core_web_lg, en_core_web_sm"
Games/BBC/24_GEO_CZE_first_half.json,Zuriko Davitashvili,GEO,Right Winger,"en_core_web_lg, en_core_web_sm"
Games/BBC/24_GEO_CZE_second_half.json,Sadilek,CZE,Central Midfield,"en_core_web_lg, en_core_web_sm"
Games/BBC/25_SUI_GER_first_half.json,Emre Can,GER,Attacking Midfield,"en_core_web_lg, en_core_web_sm"
Games/BBC/25_SUI_GER_first_half.json,Granit Xhaka,SUI,Defensive Midfield,"en_core_web_lg, en_core_web_sm"
Games/BBC/25_SUI_GER_first_half.json,Mittelstadt,GER,Left Back,"en_core_web_lg, en_core_web_sm"
Games/BBC/25_SUI_GER_first_half.json,Rodriguez,SUI,Centre Back,"en_core_web_lg, en_core_web_sm"
Games/BBC/25_SUI_GER_first_half.json,Rudiger,GER,Centre Back,"en_core_web_lg, en_core_web_sm"
Games/BBC/25_SUI_GER_first_half.json,Schar,SUI,Centre Back,"en_core_web_lg, en_core_web_sm"
Games/BBC/25_SUI_GER_second_half.json,Granit Xhaka,SUI,Defensive Midfield,"en_core_web_lg, en_core_web_sm"
Games/BBC/25_SUI_GER_second_half.json,Rubén Vargas,SUI,Right Winger,"en_core_web_lg, en_core_web_sm"
Games/BBC/25_SUI_GER_second_half.json,Rudiger,GER,Centre Back,"en_core_web_lg, en_core_web_sm"
Games/BBC/25_SUI_GER_second_half.json,Sane,GER,Right Winger,"en_core_web_lg, en_core_web_sm"
Games/BBC/25_SUI_GER_second_half.json,Schar,SUI,Centre Back,"en_core_web_lg, en_core_web_sm"
Games/BBC/26_SCO_HUN_first_half.json,Bendegúz Bolla,HUN,Right Back,"en_core_web_lg, en_core_web_sm"
Games/BBC/26_SCO_HUN_first_half.json,Dardai,HUN,Centre Back,"en_core_web_lg, en_core_web_sm"
Games/BBC/26_SCO_HUN_first_half.json,Ryan Porteous,SCO,Centre Back,"en_core_web_lg, en_core_web_sm"
Games/BBC/26_SCO_HUN_first_half.json,Scott McKenna,SCO,Centre Back,"en_core_web_lg, en_core_web_sm"
Games/BBC/26_SCO_HUN_second_half.json,Adam,HUN,Centre Forward,"en_core_web_lg, en_core_web_sm"
Games/BBC/26_SCO_HUN_second_half.json,Callum McGregor,SCO,Central Midfield,"en_core_web_lg, en_core_web_sm"
Games/BBC/26_SCO_HUN_second_half.json,Dardai,HUN,Centre Back,"en_core_web_lg, en_core_web_sm"
Games/BBC/26_SCO_HUN_second_half.json,Orban,HUN,Centre Back,"en_core_web_lg, en_core_web_sm"
Games/BBC/26_SCO_HUN_second_half.json,Ryan Porteous,SCO,Centre Back,"en_core_web_lg, en_core_web_sm"
Games/BBC/26_SCO_HUN_second_half.json,Scott McKenna,SCO,Centre Back,"en_core_web_lg, en_core_web_sm"
Games/BBC/26_SCO_HUN_second_half.json,Zsolt Nagy,HUN,Left Back,"en_core_web_lg, en_core_web_sm"
Games/BBC/27_ALB_ESP_first_half.json,Ferran Torres,ESP,Left Winger,"en_core_web_lg, en_core_web_sm"
Games/BBC/27_ALB_ESP_first_half.json,Jesús Navas,ESP,Right Back,"en_core_web_lg, en_core_web_sm"
Games/BBC/27_ALB_ESP_first_half.json,Mikel Oyarzabal,ESP,Centre Forward,"en_core_web_lg, en_core_web_sm"
Games/BBC/27_ALB_ESP_first_half.json,Simon,ESP,Goalkeeper,"en_core_web_lg, en_core_web_sm"
Games/BBC/27_ALB_ESP_second_half.json,Etrit Berisha,ALB,Goalkeeper,"en_core_web_lg, en_core_web_sm"
Games/BBC/27_ALB_ESP_second_half.json,Simon,ESP,Goalkeeper,"en_core_web_lg, en_core_web_sm"
Games/BBC/28_CRO_ITA_first_half.json,Federico Dimarco,ITA,Left Back,"en_core_web_lg, en_core_web_sm"
Games/BBC/28_CRO_ITA_first_half.json,Lorenzo Pellegrini,ITA,Attacking Midfield,"en_core_web_lg, en_core_web_sm"
Games/BBC/28_CRO_ITA_second_half.json,Gianluca Scamacca,ITA,Centre Forward,"en_core_web_lg, en_core_web_sm"
Games/BBC/28_CRO_ITA_second_half.json,Giovanni Di Lorenzo,ITA,Right Back,"en_core_web_lg, en_core_web_sm"
Games/BBC/28_CRO_ITA_second_half.json,Lovro Majer,CRO,Attacking Midfield,"en_core_web_lg, en_core_web_sm"
Games/BBC/28_CRO_ITA_second_half.json,Nicolò Fagioli,ITA,Central Midfield,"en_core_web_lg, en_core_web_sm"
Games/BBC/29_ENG_SVN_first_half.json,Declan Rice,ENG,Defensive Midfield,"en_core_web_lg, en_core_web_sm"
Games/BBC/29_ENG_SVN_first_half.json,Guehi,ENG,Centre Back,"en_core_web_lg, en_core_web_sm"
Games/BBC/29_ENG_SVN_first_half.json,Jan Oblak,SVN,Goalkeeper,"en_core_web_lg, en_core_web_sm"
Games/BBC/29_ENG_SVN_first_half.json,Kyle Walker,ENG,Right Back,"en_core_web_lg, en_core_web_sm"
Games/BBC/29_ENG_SVN_first_half.json,Stojanovic,SVN,Right Back,"en_core_web_lg, en_core_web_sm"
Games/BBC/29_ENG_SVN_first_half.json,Vanja Drkusic,SVN,Centre Back,"en_core_web_lg, en_core_web_sm"
Games/BBC/29_ENG_SVN_second_half.json,Anthony Gordon,ENG,Left Winger,"en_core_web_lg, en_core_web_sm"
Games/BBC/29_ENG_SVN_second_half.json,Cole Palmer,ENG,Attacking Midfield,"en_core_web_lg, en_core_web_sm"
Games/BBC/29_ENG_SVN_second_half.json,Declan Rice,ENG,Defensive Midfield,"en_core_web_lg, en_core_web_sm"
Games/BBC/29_ENG_SVN_second_half.json,Harry Kane,ENG,Centre Forward,"en_core_web_lg, en_core_web_sm"
Games/BBC/29_ENG_SVN_second_half.json,Jan Oblak,SVN,Goalkeeper,"en_core_web_lg, en_core_web_sm"
Games/BBC/29_ENG_SVN_second_half.json,Jon Gorenc Stankovic,SVN,Defensive Midfield,"en_core_web_lg, en_core_web_sm"
Games/BBC/29_ENG_SVN_second_half.json,Jordan Pickford,ENG,Goalkeeper,"en_core_web_lg, en_core_web_sm"
Games/BBC/29_ENG_SVN_second_half.json,Jude Bellingham,ENG,Attacking Midfield,"en_core_web_lg, en_core_web_sm"
Games/BBC/29_ENG_SVN_second_half.json,Trent Alexander-Arnold,ENG,Right Back,"en_core_web_lg, en_core_web_sm"
Games/BBC/29_ENG_SVN_second_half.json,Vanja Drkusic,SVN,Centre Back,"en_core_web_lg, en_core_web_sm"
Games/BBC/31_NED_AUT_first_half.json,Bart Verbruggen,NED,Goalkeeper,"en_core_web_lg, en_core_web_sm"
Games/BBC/31_NED_AUT_first_half.json,Denzel Dumfries,NED,Right Midfield,"en_core_web_lg, en_core_web_sm"
Games/BBC/31_NED_AUT_first_half.json,Donyell Malen,NED,Right Winger,"en_core_web_lg, en_core_web_sm"
Games/BBC/31_NED_AUT_first_half.json,Frenkie de Jong,NED,Central Midfield,"en_core_web_lg, en_core_web_sm"
Games/BBC/31_NED_AUT_first_half.json,Jerdy Schouten,NED,Defensive Midfield,"en_core_web_lg, en_core_web_sm"
Games/BBC/31_NED_AUT_first_half.json,Matthijs de Ligt,NED,Centre Back,"en_core_web_lg, en_core_web_sm"
Games/BBC/31_NED_AUT_first_half.json,Memphis Depay,NED,Centre Forward,"en_core_web_lg, en_core_web_sm"
Games/BBC/31_NED_AUT_first_half.json,Wober,AUT,Centre Back,"en_core_web_lg, en_core_web_sm"
Games/BBC/31_NED_AUT_second_half.json,Ake,NED,Centre Back,"en_core_web_lg, en_core_web_sm"
Games/BBC/31_NED_AUT_second_half.json,Frenkie de Jong,NED,Central Midfield,"en_core_web_lg, en_core_web_sm"
Games/BBC/31_NED_AUT_second_half.json,Jerdy Schouten,NED,Defensive Midfield,"en_core_web_lg, en_core_web_sm"
Games/BBC/31_NED_AUT_second_half.json,Matthijs de Ligt,NED,Centre Back,"en_core_web_lg, en_core_web_sm"
Games/BBC/31_NED_AUT_second_half.json,Memphis Depay,NED,Centre Forward,"en_core_web_lg, en_core_web_sm"
Games/BBC/31_NED_AUT_second_half.json,Stefan de Vrij,NED,Centre Back,"en_core_web_lg, en_core_web_sm"
Games/BBC/31_NED_AUT_second_half.json,Virgil van Dijk,NED,Centre Back,"en_core_web_lg, en_core_web_sm"
Games/BBC/32_FRA_POL_first_half.json,Dembele,FRA,Right Winger,"en_core_web_lg, en_core_web_sm"
Games/BBC/32_FRA_POL_first_half.json,Kante,FRA,Defensive Midfield,"en_core_web_lg, en_core_web_sm"
Games/BBC/32_FRA_POL_first_half.json,Kounde,FRA,Centre Back,"en_core_web_lg, en_core_web_sm"
Games/BBC/32_FRA_POL_first_half.json,Mbappe,FRA,Centre Forward,"en_core_web_lg, en_core_web_sm"
Games/BBC/32_FRA_POL_first_half.json,Zielinski,POL,Central Midfield,"en_core_web_lg, en_core_web_sm"
Games/BBC/32_FRA_POL_second_half.json,Dembele,FRA,Right Winger,"en_core_web_lg, en_core_web_sm"
Games/BBC/32_FRA_POL_second_half.json,Kante,FRA,Defensive Midfield,"en_core_web_lg, en_core_web_sm"
Games/BBC/32_FRA_POL_second_half.json,Kounde,FRA,Centre Back,"en_core_web_lg, en_core_web_sm"
Games/BBC/32_FRA_POL_second_half.json,Mbappe,FRA,Centre Forward,"en_core_web_lg, en_core_web_sm"
Games/BBC/32_FRA_POL_second_half.json,Szczesny,POL,Goalkeeper,"en_core_web_lg, en_core_web_sm"
Games/BBC/33_SVK_ROU_first_half.json,Burca,ROU,Centre Back,"en_core_web_lg, en_core_web_sm"
Games/BBC/33_SVK_ROU_first_half.json,Ianis Hagi,ROU,Attacking Midfield,"en_core_web_lg, en_core_web_sm"
Games/BBC/33_SVK_ROU_first_half.json,Milan Skriniar,SVK,Centre Back,"en_core_web_lg, en_core_web_sm"
Games/BBC/33_SVK_ROU_second_half.json,Milan Skriniar,SVK,Centre Back,"en_core_web_lg, en_core_web_sm"
Games/BBC/33_SVK_ROU_second_half.json,Puscas,ROU,Centre Forward,"en_core_web_lg, en_core_web_sm"
Games/BBC/33_SVK_ROU_second_half.json,Sut,ROU,Defensive Midfield,"en_core_web_lg, en_core_web_sm"
Games/BBC/34_UKR_BEL_first_half.json,Amadou Onana,BEL,Defensive Midfield,"en_core_web_lg, en_core_web_sm"
Games/BBC/34_UKR_BEL_first_half.json,Anatoliy Trubin,UKR,Goalkeeper,"en_core_web_lg, en_core_web_sm"
Games/BBC/34_UKR_BEL_first_half.json,Domenico Tedesco,BEL,Coach,"en_core_web_lg, en_core_web_sm"
Games/BBC/34_UKR_BEL_first_half.json,Kevin De Bruyne,BEL,Attacking Midfield,"en_core_web_lg, en_core_web_sm"
Games/BBC/34_UKR_BEL_first_half.json,Mykola Matvienko,UKR,Centre Back,"en_core_web_lg, en_core_web_sm"
Games/BBC/34_UKR_BEL_first_half.json,Romelu Lukaku,BEL,Centre Forward,"en_core_web_lg, en_core_web_sm"
Games/BBC/34_UKR_BEL_second_half.json,Domenico Tedesco,BEL,Coach,"en_core_web_lg, en_core_web_sm"
Games/BBC/34_UKR_BEL_second_half.json,Oleksandr Svatok,UKR,Centre Back,"en_core_web_lg, en_core_web_sm"
Games/BBC/34_UKR_BEL_second_half.json,Romelu Lukaku,BEL,Centre Forward,"en_core_web_lg, en_core_web_sm"
Games/BBC/36_CZE_TUR_first_half.json,Barış Alper Yılmaz,TUR,Right Winger,"en_core_web_lg, en_core_web_sm"
Games/BBC/36_CZE_TUR_first_half.json,Muldur,TUR,Right Back,"en_core_web_lg, en_core_web_sm"
Games/BBC/36_CZE_TUR_first_half.json,Sadilek,CZE,Central Midfield,"en_core_web_lg, en_core_web_sm"
Games/BBC/36_CZE_TUR_second_half.json,Akturkoglu,TUR,Left Winger,"en_core_web_lg, en_core_web_sm"
Games/BBC/36_CZE_TUR_second_half.json,Barış Alper Yılmaz,TUR,Right Winger,"en_core_web_lg, en_core_web_sm"
Games/BBC/36_CZE_TUR_second_half.json,Jurasek,CZE,Left Back,"en_core_web_lg, en_core_web_sm"
Games/BBC/36_CZE_TUR_second_half.json,Mojmír Chytil,CZE,Centre Forward,"en_core_web_lg, en_core_web_sm"
Games/BBC/36_CZE_TUR_second_half.json,Muldur,TUR,Right Back,"en_core_web_lg, en_core_web_sm"
Games/BBC/36_CZE_TUR_second_half.json,Sadilek,CZE,Central Midfield,"en_core_web_lg, en_core_web_sm"
Games/BBC/37_GER_DEN_first_half.json,Hojbjerg,DEN,Defensive Midfield,"en_core_web_lg, en_core_web_sm"
Games/BBC/37_GER_DEN_first_half.json,Rudiger,GER,Centre Back,"en_core_web_lg, en_core_web_sm"
Games/BBC/37_GER_DEN_first_half.json,Sane,GER,Right Winger,"en_core_web_lg, en_core_web_sm"
Games/BBC/37_GER_DEN_second_half.json,Kai Havertz,GER,Attacking Midfield,"en_core_web_lg, en_core_web_sm"
Games/BBC/37_GER_DEN_second_half.json,Muller,GER,Second Striker,"en_core_web_lg, en_core_web_sm"
Games/BBC/37_GER_DEN_second_half.json,Sane,GER,Right Winger,"en_core_web_lg, en_core_web_sm"
Games/BBC/38_SUI_ITA_first_half.json,Giovanni Di Lorenzo,ITA,Right Back,"en_core_web_lg, en_core_web_sm"
Games/BBC/38_SUI_ITA_first_half.json,Granit Xhaka,SUI,Defensive Midfield,"en_core_web_lg, en_core_web_sm"
Games/BBC/38_SUI_ITA_first_half.json,Rodriguez,SUI,Centre Back,"en_core_web_lg, en_core_web_sm"
Games/BBC/38_SUI_ITA_first_half.json,Rubén Vargas,SUI,Right Winger,"en_core_web_lg, en_core_web_sm"
Games/BBC/38_SUI_ITA_second_half.json,Nicolò Fagioli,ITA,Central Midfield,"en_core_web_lg, en_core_web_sm"
Games/BBC/38_SUI_ITA_second_half.json,Rubén Vargas,SUI,Right Winger,"en_core_web_lg, en_core_web_sm"
Games/BBC/38_SUI_ITA_second_half.json,Schar,SUI,Centre Back,"en_core_web_lg, en_core_web_sm"
Games/BBC/40_ENG_SVK_first_half.json,Gareth Southgate,ENG,Coach,"en_core_web_lg, en_core_web_sm"
Games/BBC/40_ENG_SVK_first_half.json,Guehi,ENG,Centre Back,"en_core_web_lg, en_core_web_sm"
Games/BBC/40_ENG_SVK_first_half.json,Jude Bellingham,ENG,Attacking Midfield,"en_core_web_lg, en_core_web_sm"
Games/BBC/40_ENG_SVK_first_half.json,Kieran Trippier,ENG,Right Back,"en_core_web_lg, en_core_web_sm"
Games/BBC/40_ENG_SVK_first_half.json,Milan Skriniar,SVK,Centre Back,"en_core_web_lg, en_core_web_sm"
Games/BBC/40_ENG_SVK_second_half.json,Milan Skriniar,SVK,Centre Back,"en_core_web_lg, en_core_web_sm"
Games/BBC/41_POR_SVN_first_half.json,Diogo Costa,POR,Goalkeeper,"en_core_web_lg, en_core_web_sm"
Games/BBC/41_POR_SVN_first_half.json,Jan Oblak,SVN,Goalkeeper,"en_core_web_lg, en_core_web_sm"
Games/BBC/41_POR_SVN_first_half.json,Jure Balkovec,SVN,Left Back,"en_core_web_lg, en_core_web_sm"
Games/BBC/41_POR_SVN_first_half.json,Sa,POR,Goalkeeper,"en_core_web_lg, en_core_web_sm"
Games/BBC/41_POR_SVN_first_half.json,Stojanovic,SVN,Right Back,"en_core_web_lg, en_core_web_sm"
Games/BBC/41_POR_SVN_second_half.json,Rúben Dias,POR,Centre Back,"en_core_web_lg, en_core_web_sm"
Games/BBC/41_POR_SVN_second_half.json,Sa,POR,Goalkeeper,"en_core_web_lg, en_core_web_sm"
Games/BBC/42_FRA_BEL_first_half.json,Brice Samba,FRA,Goalkeeper,"en_core_web_lg, en_core_web_sm"
Games/BBC/42_FRA_BEL_first_half.json,Kante,FRA,Defensive Midfield,"en_core_web_lg, en_core_web_sm"
Games/BBC/42_FRA_BEL_first_half.json,Kevin De Bruyne,BEL,Attacking Midfield,"en_core_web_lg, en_core_web_sm"
Games/BBC/42_FRA_BEL_first_half.json,Kounde,FRA,Centre Back,"en_core_web_lg, en_core_web_sm"
Games/BBC/42_FRA_BEL_first_half.json,Mbappe,FRA,Centre Forward,"en_core_web_lg, en_core_web_sm"
Games/BBC/42_FRA_BEL_first_half.json,Romelu Lukaku,BEL,Centre Forward,"en_core_web_lg, en_core_web_sm"
Games/BBC/42_FRA_BEL_first_half.json,Tchouameni,FRA,Defensive Midfield,"en_core_web_lg, en_core_web_sm"
Games/BBC/42_FRA_BEL_second_half.json,Brice Samba,FRA,Goalkeeper,"en_core_web_lg, en_core_web_sm"
Games/BBC/42_FRA_BEL_second_half.json,Kante,FRA,Defensive Midfield,"en_core_web_lg, en_core_web_sm"
Games/BBC/42_FRA_BEL_second_half.json,Kevin De Bruyne,BEL,Attacking Midfield,"en_core_web_lg, en_core_web_sm"
Games/BBC/42_FRA_BEL_second_half.json,Kounde,FRA,Centre Back,"en_core_web_lg, en_core_web_sm"
Games/BBC/42_FRA_BEL_second_half.json,Mbappe,FRA,Centre Forward,"en_core_web_lg, en_core_web_sm"
Games/BBC/42_FRA_BEL_second_half.json,Mike Maignan,FRA,Goalkeeper,"en_core_web_lg, en_core_web_sm"
Games/BBC/42_FRA_BEL_second_half.json,Romelu Lukaku,BEL,Centre Forward,"en_core_web_lg, en_core_web_sm"
Games/BBC/42_FRA_BEL_second_half.json,Wout Faes,BEL,Centre Back,"en_core_web_lg, en_core_web_sm"
Games/BBC/43_ROU_NED_first_half.json,Cody Gakpo,NED,Left Winger,"en_core_web_lg, en_core_web_sm"
Games/BBC/43_ROU_NED_first_half.json,Dennis Man,ROU,Right Winger,"en_core_web_lg, en_core_web_sm"
Games/BBC/43_ROU_NED_first_half.json,Denzel Dumfries,NED,Right Midfield,"en_core_web_lg, en_core_web_sm"
Games/BBC/43_ROU_NED_first_half.json,Ianis Hagi,ROU,Attacking Midfield,"en_core_web_lg, en_core_web_sm"
Games/BBC/43_ROU_NED_first_half.json,Jerdy Schouten,NED,Defensive Midfield,"en_core_web_lg, en_core_web_sm"
Games/BBC/43_ROU_NED_first_half.json,Matthijs de Ligt,NED,Centre Back,"en_core_web_lg, en_core_web_sm"
Games/BBC/43_ROU_NED_first_half.json,Memphis Depay,NED,Centre Forward,"en_core_web_lg, en_core_web_sm"
Games/BBC/43_ROU_NED_first_half.json,Nita,ROU,Goalkeeper,"en_core_web_lg, en_core_web_sm"
Games/BBC/43_ROU_NED_first_half.json,Tijjani Reijnders,NED,Central Midfield,"en_core_web_lg, en_core_web_sm"
Games/BBC/43_ROU_NED_first_half.json,Virgil van Dijk,NED,Centre Back,"en_core_web_lg, en_core_web_sm"
Games/BBC/43_ROU_NED_first_half.json,Xavi Simons,NED,Attacking Midfield,"en_core_web_lg, en_core_web_sm"
Games/BBC/43_ROU_NED_second_half.json,Adrian Rus,ROU,Centre Back,"en_core_web_lg, en_core_web_sm"
Games/BBC/43_ROU_NED_second_half.json,Ake,NED,Centre Back,"en_core_web_lg, en_core_web_sm"
Games/BBC/43_ROU_NED_second_half.json,Burca,ROU,Centre Back,"en_core_web_lg, en_core_web_sm"
Games/BBC/43_ROU_NED_second_half.json,Cody Gakpo,NED,Left Winger,"en_core_web_lg, en_core_web_sm"
Games/BBC/43_ROU_NED_second_half.json,Denzel Dumfries,NED,Right Midfield,"en_core_web_lg, en_core_web_sm"
Games/BBC/43_ROU_NED_second_half.json,Donyell Malen,NED,Right Winger,"en_core_web_lg, en_core_web_sm"
Games/BBC/43_ROU_NED_second_half.json,Dragusin,ROU,Centre Back,"en_core_web_lg, en_core_web_sm"
Games/BBC/43_ROU_NED_second_half.json,Ianis Hagi,ROU,Attacking Midfield,"en_core_web_lg, en_core_web_sm"
Games/BBC/43_ROU_NED_second_half.json,Iordanescu,ROU,Coach,"en_core_web_lg, en_core_web_sm"
Games/BBC/43_ROU_NED_second_half.json,Jerdy Schouten,NED,Defensive Midfield,"en_core_web_lg, en_core_web_sm"
Games/BBC/43_ROU_NED_second_half.json,Marius Marin,ROU,Central Midfield,"en_core_web_lg, en_core_web_sm"
Games/BBC/43_ROU_NED_second_half.json,Matthijs de Ligt,NED,Centre Back,"en_core_web_lg, en_core_web_sm"
Games/BBC/43_ROU_NED_second_half.json,Memphis Depay,NED,Centre Forward,"en_core_web_lg, en_core_web_sm"
Games/BBC/43_ROU_NED_second_half.json,Nita,ROU,Goalkeeper,"en_core_web_lg, en_core_web_sm"
Games/BBC/43_ROU_NED_second_half.json,Ratiu,ROU,Right Back,"en_core_web_lg, en_core_web_sm"
Games/BBC/43_ROU_NED_second_half.json,Virgil van Dijk,NED,Centre Back,"en_core_web_lg, en_core_web_sm"
Games/BBC/44_AUT_TUR_first_half.json,Barış Alper Yılmaz,TUR,Right Winger,"en_core_web_lg, en_core_web_sm"
Games/BBC/44_AUT_TUR_first_half.json,Muldur,TUR,Right Back,"en_core_web_lg, en_core_web_sm"
Games/BBC/44_AUT_TUR_first_half.json,Yusuf Yazıcı,TUR,Attacking Midfield,"en_core_web_lg, en_core_web_sm"
Games/BBC/44_AUT_TUR_second_half.json,Akgun,TUR,Right Winger,"en_core_web_lg, en_core_web_sm"
Games/BBC/44_AUT_TUR_second_half.json,Barış Alper Yılmaz,TUR,Right Winger,"en_core_web_lg, en_core_web_sm"
Games/BBC/44_AUT_TUR_second_half.json,Merih Demiral,TUR,Centre Back,"en_core_web_lg, en_core_web_sm"
Games/BBC/44_AUT_TUR_second_half.json,Wober,AUT,Centre Back,"en_core_web_lg, en_core_web_sm"
Games/BBC/45_ESP_GER_first_half.json,Rudiger,GER,Centre Back,"en_core_web_lg, en_core_web_sm"
Games/BBC/45_ESP_GER_first_half.json,Sane,GER,Right Winger,"en_core_web_lg, en_core_web_sm"
Games/BBC/45_ESP_GER_second_half.json,Kai Havertz,GER,Attacking Midfield,"en_core_web_lg, en_core_web_sm"
Games/BBC/45_ESP_GER_second_half.json,Mittelstadt,GER,Left Back,"en_core_web_lg, en_core_web_sm"
Games/BBC/45_ESP_GER_second_half.json,Muller,GER,Second Striker,"en_core_web_lg, en_core_web_sm"
Games/BBC/45_ESP_GER_second_half.json,Rudiger,GER,Centre Back,"en_core_web_lg, en_core_web_sm"
Games/BBC/45_ESP_GER_second_half.json,Sane,GER,Right Winger,"en_core_web_lg, en_core_web_sm"
Games/BBC/45_ESP_GER_second_half.json,Álvaro Morata,ESP,Centre Forward,"en_core_web_lg, en_core_web_sm"
Games/BBC/46_POR_FRA_first_half.json,Bradley Barcola,FRA,Left Winger,"en_core_web_lg, en_core_web_sm"
Games/BBC/46_POR_FRA_first_half.json,Bruno Fernandes,POR,Attacking Midfield,"en_core_web_lg, en_core_web_sm"
Games/BBC/46_POR_FRA_first_half.json,Diogo Costa,POR,Goalkeeper,"en_core_web_lg, en_core_web_sm"
Games/BBC/46_POR_FRA_first_half.json,Kante,FRA,Defensive Midfield,"en_core_web_lg, en_core_web_sm"
Games/BBC/46_POR_FRA_first_half.json,Kounde,FRA,Centre Back,"en_core_web_lg, en_core_web_sm"
Games/BBC/46_POR_FRA_first_half.json,Leao,POR,Left Winger,"en_core_web_lg, en_core_web_sm"
Games/BBC/46_POR_FRA_first_half.json,Mbappe,FRA,Centre Forward,"en_core_web_lg, en_core_web_sm"
Games/BBC/46_POR_FRA_first_half.json,Sa,POR,Goalkeeper,"en_core_web_lg, en_core_web_sm"
Games/BBC/46_POR_FRA_first_half.json,William Saliba,FRA,Centre Back,"en_core_web_lg, en_core_web_sm"
Games/BBC/46_POR_FRA_second_half.json,António Silva,POR,Centre Back,"en_core_web_lg, en_core_web_sm"
Games/BBC/46_POR_FRA_second_half.json,Brice Samba,FRA,Goalkeeper,"en_core_web_lg, en_core_web_sm"
Games/BBC/46_POR_FRA_second_half.json,Bruno Fernandes,POR,Attacking Midfield,"en_core_web_lg, en_core_web_sm"
Games/BBC/46_POR_FRA_second_half.json,Conceicao,POR,Right Winger,"en_core_web_lg, en_core_web_sm"
Games/BBC/46_POR_FRA_second_half.json,Dembele,FRA,Right Winger,"en_core_web_lg, en_core_web_sm"
Games/BBC/46_POR_FRA_second_half.json,Diogo Costa,POR,Goalkeeper,"en_core_web_lg, en_core_web_sm"
Games/BBC/46_POR_FRA_second_half.json,Felix,POR,Second Striker,"en_core_web_lg, en_core_web_sm"
Games/BBC/46_POR_FRA_second_half.json,Kante,FRA,Defensive Midfield,"en_core_web_lg, en_core_web_sm"
Games/BBC/46_POR_FRA_second_half.json,Kounde,FRA,Centre Back,"en_core_web_lg, en_core_web_sm"
Games/BBC/46_POR_FRA_second_half.json,Matheus Nunes,POR,Central Midfield,"en_core_web_lg, en_core_web_sm"
Games/BBC/46_POR_FRA_second_half.json,Mbappe,FRA,Centre Forward,"en_core_web_lg, en_core_web_sm"
Games/BBC/46_POR_FRA_second_half.json,Nuno Mendes,POR,Left Back,"en_core_web_lg, en_core_web_sm"
Games/BBC/46_POR_FRA_second_half.json,Nélson Semedo,POR,Right Back,"en_core_web_lg, en_core_web_sm"
Games/BBC/46_POR_FRA_second_half.json,Rúben Dias,POR,Centre Back,"en_core_web_lg, en_core_web_sm"
Games/BBC/46_POR_FRA_second_half.json,Rúben Neves,POR,Defensive Midfield,"en_core_web_lg, en_core_web_sm"
Games/BBC/46_POR_FRA_second_half.json,Sa,POR,Goalkeeper,"en_core_web_lg, en_core_web_sm"
Games/BBC/46_POR_FRA_second_half.json,William Saliba,FRA,Centre Back,"en_core_web_lg, en_core_web_sm"
Games/BBC/48_ENG_SUI_first_half.json,Granit Xhaka,SUI,Defensive Midfield,"en_core_web_lg, en_core_web_sm"
Games/BBC/48_ENG_SUI_first_half.json,Rubén Vargas,SUI,Right Winger,"en_core_web_lg, en_core_web_sm"
Games/BBC/48_ENG_SUI_first_half.json,Schar,SUI,Centre Back,"en_core_web_lg, en_core_web_sm"
Games/BBC/48_ENG_SUI_first_half.json,Trent Alexander-Arnold,ENG,Right Back,"en_core_web_lg, en_core_web_sm"
Games/BBC/48_ENG_SUI_first_half.json,Yann Sommer,SUI,Goalkeeper,"en_core_web_lg, en_core_web_sm"
Games/BBC/48_ENG_SUI_second_half.json,Ivan Toney,ENG,Centre Forward,"en_core_web_lg, en_core_web_sm"
Games/BBC/48_ENG_SUI_second_half.json,Rodriguez,SUI,Centre Back,"en_core_web_lg, en_core_web_sm"
Games/BBC/48_ENG_SUI_second_half.json,Rubén Vargas,SUI,Right Winger,"en_core_web_lg, en_core_web_sm"
Games/BBC/48_ENG_SUI_second_half.json,Schar,SUI,Centre Back,"en_core_web_lg, en_core_web_sm"
Games/BBC/48_ENG_SUI_second_half.json,Yann Sommer,SUI,Goalkeeper,"en_core_web_lg, en_core_web_sm"
Games/BBC/49_ESP_FRA_first_half.json,Hernandez,FRA,Left Back,"en_core_web_lg, en_core_web_sm"
Games/BBC/49_ESP_FRA_first_half.json,Kante,FRA,Defensive Midfield,"en_core_web_lg, en_core_web_sm"
Games/BBC/49_ESP_FRA_first_half.json,Kounde,FRA,Centre Back,"en_core_web_lg, en_core_web_sm"
Games/BBC/49_ESP_FRA_first_half.json,Mbappe,FRA,Centre Forward,"en_core_web_lg, en_core_web_sm"
Games/BBC/49_ESP_FRA_second_half.json,Adrien Rabiot,FRA,Central Midfield,"en_core_web_lg, en_core_web_sm"
Games/BBC/49_ESP_FRA_second_half.json,Antoine Griezmann,FRA,Centre Forward,"en_core_web_lg, en_core_web_sm"
Games/BBC/49_ESP_FRA_second_half.json,Dayot Upamecano,FRA,Centre Back,"en_core_web_lg, en_core_web_sm"
Games/BBC/49_ESP_FRA_second_half.json,Dembele,FRA,Right Winger,"en_core_web_lg, en_core_web_sm"
Games/BBC/49_ESP_FRA_second_half.json,Hernandez,FRA,Left Back,"en_core_web_lg, en_core_web_sm"
Games/BBC/49_ESP_FRA_second_half.json,Kante,FRA,Defensive Midfield,"en_core_web_lg, en_core_web_sm"
Games/BBC/49_ESP_FRA_second_half.json,Kounde,FRA,Centre Back,"en_core_web_lg, en_core_web_sm"
Games/BBC/49_ESP_FRA_second_half.json,Lamine Yamal,ESP,Right Winger,"en_core_web_lg, en_core_web_sm"
Games/BBC/49_ESP_FRA_second_half.json,Mbappe,FRA,Centre Forward,"en_core_web_lg, en_core_web_sm"
Games/BBC/49_ESP_FRA_second_half.json,Simon,ESP,Goalkeeper,"en_core_web_lg, en_core_web_sm"
Games/BBC/50_NED_ENG_first_half.json,Denzel Dumfries,NED,Right Midfield,"en_core_web_lg, en_core_web_sm"
Games/BBC/50_NED_ENG_first_half.json,Donyell Malen,NED,Right Winger,"en_core_web_lg, en_core_web_sm"
Games/BBC/50_NED_ENG_first_half.json,Kyle Walker,ENG,Right Back,"en_core_web_lg, en_core_web_sm"
Games/BBC/50_NED_ENG_first_half.json,Matthijs de Ligt,NED,Centre Back,"en_core_web_lg, en_core_web_sm"
Games/BBC/50_NED_ENG_first_half.json,Memphis Depay,NED,Centre Forward,"en_core_web_lg, en_core_web_sm"
Games/BBC/50_NED_ENG_first_half.json,Virgil van Dijk,NED,Centre Back,"en_core_web_lg, en_core_web_sm"
Games/BBC/50_NED_ENG_second_half.json,Aaron Ramsdale,ENG,Goalkeeper,"en_core_web_lg, en_core_web_sm"
Games/BBC/50_NED_ENG_second_half.json,Bukayo Saka,ENG,Right Winger,"en_core_web_lg, en_core_web_sm"
Games/BBC/50_NED_ENG_second_half.json,Denzel Dumfries,NED,Right Midfield,"en_core_web_lg, en_core_web_sm"
Games/BBC/50_NED_ENG_second_half.json,Guehi,ENG,Centre Back,"en_core_web_lg, en_core_web_sm"
Games/BBC/50_NED_ENG_second_half.json,Matthijs de Ligt,NED,Centre Back,"en_core_web_lg, en_core_web_sm"
Games/BBC/50_NED_ENG_second_half.json,Wout Weghorst,NED,Centre Forward,"en_core_web_lg, en_core_web_sm"
Games/BBC/51_ESP_ENG_first_half.json,Aymeric Laporte,ESP,Centre Back,"en_core_web_lg, en_core_web_sm"
Games/BBC/51_ESP_ENG_first_half.json,Fabián Ruiz,ESP,Central Midfield,"en_core_web_lg, en_core_web_sm"
Games/BBC/51_ESP_ENG_first_half.json,Jude Bellingham,ENG,Attacking Midfield,"en_core_web_lg, en_core_web_sm"
Games/BBC/51_ESP_ENG_first_half.json,Kyle Walker,ENG,Right Back,"en_core_web_lg, en_core_web_sm"
Games/BBC/51_ESP_ENG_first_half.json,Álvaro Morata,ESP,Centre Forward,"en_core_web_lg, en_core_web_sm"
Games/BBC/51_ESP_ENG_second_half.json,Kyle Walker,ENG,Right Back,"en_core_web_lg, en_core_web_sm"
Games/BBC/51_ESP_ENG_second_half.json,Lamine Yamal,ESP,Right Winger,"en_core_web_lg, en_core_web_sm"
Games/BBC/51_ESP_ENG_second_half.json,Mikel Oyarzabal,ESP,Centre Forward,"en_core_web_lg, en_core_web_sm"
Games/BBC/51_ESP_ENG_second_half.json,Phil Foden,ENG,Right Winger,"en_core_web_lg, en_core_web_sm"
Games/BBC/51_ESP_ENG_second_half.json,Simon,ESP,Goalkeeper,"en_core_web_lg, en_core_web_sm"
Reports/BBC/01_GER_SCO.json,Emre Can,GER,Attacking Midfield,"en_core_web_lg, en_core_web_sm"
Reports/BBC/04_ITA_ALB.json,Lorenzo Pellegrini,ITA,Attacking Midfield,"en_core_web_lg, en_core_web_sm"
Reports/BBC/06_SVN_DEN.json,Hojlund,DEN,Centre Forward,"en_core_web_lg, en_core_web_sm"
Reports/BBC/07_POL_NED.json,Denzel Dumfries,NED,Right Midfield,"en_core_web_lg, en_core_web_sm"
Reports/BBC/07_POL_NED.json,Szczesny,POL,Goalkeeper,"en_core_web_lg, en_core_web_sm"
Reports/BBC/08_AUT_FRA.json,Mbappe,FRA,Centre Forward,"en_core_web_lg, en_core_web_sm"
Reports/BBC/08_AUT_FRA.json,Phillipp Mwene,AUT,Left Back,"en_core_web_lg, en_core_web_sm"
Reports/BBC/10_ROU_UKR.json,Mykhaylo Mudryk,UKR,Left Winger,"en_core_web_lg, en_core_web_sm"
Reports/BBC/11_TUR_GEO.json,Muldur,TUR,Right Back,"en_core_web_lg, en_core_web_sm"
Reports/BBC/12_POR_CZE.json,Conceicao,POR,Right Winger,"en_core_web_lg, en_core_web_sm"
Reports/BBC/13_SCO_SUI.json,Schar,SUI,Centre Back,"en_core_web_lg, en_core_web_sm"
Reports/BBC/19_POL_AUT.json,Szczesny,POL,Goalkeeper,"en_core_web_lg, en_core_web_sm"
Reports/BBC/20_NED_FRA.json,Bart Verbruggen,NED,Goalkeeper,"en_core_web_lg, en_core_web_sm"
Reports/BBC/20_NED_FRA.json,Denzel Dumfries,NED,Right Midfield,"en_core_web_lg, en_core_web_sm"
Reports/BBC/20_NED_FRA.json,Mbappe,FRA,Centre Forward,"en_core_web_lg, en_core_web_sm"
Reports/BBC/20_NED_FRA.json,Memphis Depay,NED,Centre Forward,"en_core_web_lg, en_core_web_sm"
Reports/BBC/22_BEL_ROU.json,Burca,ROU,Centre Back,"en_core_web_lg, en_core_web_sm"
Reports/BBC/22_BEL_ROU.json,Romelu Lukaku,BEL,Centre Forward,"en_core_web_lg, en_core_web_sm"
Reports/BBC/23_TUR_POR.json,Akturkoglu,TUR,Left Winger,"en_core_web_lg, en_core_web_sm"
Reports/BBC/24_GEO_CZE.json,Willy Sagnol,GEO,Coach,"en_core_web_lg, en_core_web_sm"
Reports/BBC/25_SUI_GER.json,Fullkrug,GER,Centre Forward,"en_core_web_lg, en_core_web_sm"
Reports/BBC/29_ENG_SVN.json,Gareth Southgate,ENG,Coach,"en_core_web_lg, en_core_web_sm"
Reports/BBC/30_DEN_SRB.json,Hojlund,DEN,Centre Forward,"en_core_web_lg, en_core_web_sm"
Reports/BBC/30_DEN_SRB.json,Morten Hjulmand,DEN,Defensive Midfield,"en_core_web_lg, en_core_web_sm"
Reports/BBC/31_NED_AUT.json,Donyell Malen,NED,Right Winger,"en_core_web_lg, en_core_web_sm"
Reports/BBC/31_NED_AUT.json,Memphis Depay,NED,Centre Forward,"en_core_web_lg, en_core_web_sm"
Reports/BBC/32_FRA_POL.json,Dayot Upamecano,FRA,Centre Back,"en_core_web_lg, en_core_web_sm"
Reports/BBC/32_FRA_POL.json,Mbappe,FRA,Centre Forward,"en_core_web_lg, en_core_web_sm"
Reports/BBC/38_SUI_ITA.json,Rubén Vargas,SUI,Right Winger,"en_core_web_lg, en_core_web_sm"
Reports/BBC/40_ENG_SVK.json,Cole Palmer,ENG,Attacking Midfield,"en_core_web_lg, en_core_web_sm"
Reports/BBC/41_POR_SVN.json,Diogo Costa,POR,Goalkeeper,"en_core_web_lg, en_core_web_sm"
Reports/BBC/41_POR_SVN.json,Jan Oblak,SVN,Goalkeeper,"en_core_web_lg, en_core_web_sm"
Reports/BBC/42_FRA_BEL.json,Mbappe,FRA,Centre Forward,"en_core_web_lg, en_core_web_sm"
Reports/BBC/43_ROU_NED.json,Donyell Malen,NED,Right Winger,"en_core_web_lg, en_core_web_sm"
Reports/BBC/43_ROU_NED.json,Memphis Depay,NED,Centre Forward,"en_core_web_lg, en_core_web_sm"
Reports/BBC/44_AUT_TUR.json,Barış Alper Yılmaz,TUR,Right Winger,"en_core_web_lg, en_core_web_sm"
Reports/BBC/44_AUT_TUR.json,Gunok,TUR,Goalkeeper,"en_core_web_lg, en_core_web_sm"
Reports/BBC/45_ESP_GER.json,Fullkrug,GER,Centre Forward,"en_core_web_lg, en_core_web_sm"
Reports/BBC/46_POR_FRA.json,Conceicao,POR,Right Winger,"en_core_web_lg, en_core_web_sm"
Reports/BBC/46_POR_FRA.json,Leao,POR,Left Winger,"en_core_web_lg, en_core_web_sm"
Reports/BBC/46_POR_FRA.json,Mbappe,FRA,Centre Forward,"en_core_web_lg, en_core_web_sm"
Reports/BBC/47_NED_TUR.json,Denzel Dumfries,NED,Right Midfield,"en_core_web_lg, en_core_web_sm"
Reports/BBC/47_NED_TUR.json,Muldur,TUR,Right Back,"en_core_web_lg, en_core_web_sm"
Reports/BBC/51_ESP_ENG.json,Gareth Southgate,ENG,Coach,"en_core_web_lg, en_core_web_sm"
